start,end,start_s,end_s,dur_s,peak_dbfs,ref_active,ncc,lag_ms,reason
6:11.89,6:12.06,371.89,372.06,0.17,-81.6,0.96,0.084,377,gate chatter
10:13.30,10:13.50,613.30,613.50,0.20,-49.2,0.71,0.124,473,gate chatter
10:13.70,10:14.05,613.70,614.05,0.35,-8.4,0.91,0.123,696,next to bleed cluster
10:14.38,10:15.32,614.38,615.32,0.94,-10.3,0.28,0.289,181,next to bleed cluster
10:29.14,10:29.39,629.14,629.39,0.25,-20.5,0.86,0.062,272,gate chatter
10:29.61,10:30.13,629.61,630.13,0.52,-13.1,0.94,0.090,505,next to bleed cluster
11:38.26,11:38.42,698.26,698.42,0.16,-44.4,1.00,0.088,69,gate chatter
11:43.91,11:44.22,703.91,704.22,0.31,-37.5,0.97,0.035,263,gate chatter
11:44.49,11:45.01,704.49,705.01,0.52,-42.3,0.94,0.090,21,gate chatter
11:45.39,11:45.45,705.39,705.45,0.06,-72.9,1.00,0.000,,gate chatter
11:59.43,12:00.08,719.43,720.08,0.65,-33.1,1.00,0.106,608,"quiet, reference talking"
12:00.83,12:01.10,720.83,721.10,0.27,-9.6,0.52,0.128,45,next to bleed cluster
12:51.50,12:51.51,771.50,771.51,0.01,-82.6,0.80,0.000,,gate chatter
12:53.97,12:54.29,773.97,774.29,0.32,-31.0,0.44,0.124,24,gate chatter
13:32.51,13:32.52,812.51,812.52,0.01,-83.9,0.86,0.000,,gate chatter
13:32.99,13:33.00,812.99,813.00,0.01,-84.7,0.00,0.000,,next to bleed cluster
14:06.36,14:06.56,846.36,846.56,0.20,-54.9,1.00,0.040,293,gate chatter
14:06.81,14:08.10,846.81,848.10,1.29,-44.9,1.00,0.016,125,sustained low level under reference
14:38.71,14:38.84,878.71,878.84,0.13,-64.7,0.81,0.041,96,gate chatter
14:39.15,14:39.24,879.15,879.24,0.09,-72.3,0.78,0.000,,gate chatter
14:39.57,14:39.75,879.57,879.75,0.18,-62.7,0.96,0.072,608,gate chatter
14:40.44,14:40.59,880.44,880.59,0.15,-70.2,1.00,0.068,307,gate chatter
14:40.80,14:40.82,880.80,880.82,0.02,-72.9,1.00,0.000,,gate chatter
14:40.99,14:41.10,880.99,881.10,0.11,-57.9,1.00,0.034,134,gate chatter
14:41.24,14:41.29,881.24,881.29,0.05,-73.5,0.93,0.000,,gate chatter
14:41.49,14:41.83,881.49,881.83,0.34,-71.6,0.90,0.054,88,gate chatter
14:42.03,14:42.19,882.03,882.19,0.16,-78.1,0.93,0.066,645,gate chatter
14:42.47,14:42.48,882.47,882.48,0.01,-82.4,0.93,0.000,,gate chatter
14:42.61,14:43.27,882.61,883.27,0.66,-53.6,0.93,0.063,576,"quiet, reference talking"
15:53.40,15:54.55,953.40,954.55,1.15,-18.1,0.40,0.125,179,next to bleed cluster
15:54.69,15:55.11,954.69,955.11,0.42,-34.2,0.95,0.045,287,gate chatter
15:55.26,15:55.90,955.26,955.90,0.64,-22.8,1.00,0.056,270,"quiet, reference talking"
15:56.50,15:56.91,956.50,956.91,0.41,-13.8,0.98,0.162,390,waveform matches reference (ncc 0.16)
15:57.08,15:57.72,957.08,957.72,0.64,-34.7,0.99,0.051,208,"quiet, reference talking"
15:57.92,15:58.00,957.92,958.00,0.08,-45.2,1.00,0.000,,gate chatter
15:58.45,15:58.60,958.45,958.60,0.15,-38.3,0.90,0.098,253,gate chatter
15:58.71,15:58.91,958.71,958.91,0.20,-58.4,0.91,0.080,645,gate chatter
18:16.02,18:16.25,1096.02,1096.25,0.23,-30.4,0.95,0.090,275,gate chatter
18:17.11,18:17.25,1097.11,1097.25,0.14,-26.4,0.74,0.104,677,gate chatter
23:16.96,23:17.02,1396.96,1397.02,0.06,-61.2,0.75,0.000,,gate chatter
23:20.89,23:20.96,1400.89,1400.96,0.07,-49.0,1.00,0.000,,gate chatter
23:21.84,23:22.22,1401.84,1402.22,0.38,-9.1,0.99,0.069,225,next to bleed cluster
23:40.73,23:40.80,1420.73,1420.80,0.07,-73.0,1.00,0.000,,gate chatter
23:41.06,23:41.25,1421.06,1421.25,0.19,-59.2,1.00,0.099,501,gate chatter
23:41.38,23:41.41,1421.38,1421.41,0.03,-79.7,1.00,0.000,,gate chatter
23:41.77,23:41.97,1421.77,1421.97,0.20,-60.6,1.00,0.067,82,gate chatter
23:42.17,23:42.35,1422.17,1422.35,0.18,-45.1,1.00,0.023,270,gate chatter
23:42.56,23:42.72,1422.56,1422.72,0.16,-51.1,1.00,0.043,178,gate chatter
23:42.87,23:43.00,1422.87,1423.00,0.13,-62.8,1.00,0.029,129,gate chatter
23:43.14,23:43.70,1423.14,1423.70,0.56,-60.8,1.00,0.044,362,gate chatter
23:43.93,23:44.14,1423.93,1424.14,0.21,-45.6,1.00,0.051,130,gate chatter
23:44.25,23:44.42,1424.25,1424.42,0.17,-55.7,0.96,0.022,673,gate chatter
23:44.80,23:45.39,1424.80,1425.39,0.59,-47.6,0.98,0.063,267,gate chatter
23:45.57,23:45.72,1425.57,1425.72,0.15,-76.0,0.96,0.056,297,gate chatter
23:45.99,23:46.06,1425.99,1426.06,0.07,-50.4,0.95,0.000,,gate chatter
23:46.33,23:46.70,1426.33,1426.70,0.37,-56.3,0.88,0.046,654,gate chatter
23:46.83,23:46.92,1426.83,1426.92,0.09,-59.4,0.89,0.000,,gate chatter
23:47.07,23:47.14,1427.07,1427.14,0.07,-75.5,0.94,0.000,,gate chatter
23:47.37,23:47.90,1427.37,1427.90,0.53,-48.6,0.95,0.029,675,gate chatter
23:48.15,23:48.17,1428.15,1428.17,0.02,-82.3,0.82,0.000,,gate chatter
23:48.44,23:48.91,1428.44,1428.91,0.47,-57.3,0.73,0.036,690,gate chatter
23:49.07,23:49.33,1429.07,1429.33,0.26,-61.1,0.90,0.024,332,gate chatter
23:50.27,23:50.30,1430.27,1430.30,0.03,-76.0,0.84,0.000,,gate chatter
23:50.81,23:51.26,1430.81,1431.26,0.45,-11.5,1.00,0.051,219,next to bleed cluster
24:12.19,24:12.28,1452.19,1452.28,0.09,-68.2,1.00,0.000,,gate chatter
24:16.42,24:16.45,1456.42,1456.45,0.03,-77.4,0.98,0.000,,gate chatter
24:17.04,24:17.13,1457.04,1457.13,0.09,-76.8,0.69,0.000,,gate chatter
24:17.28,24:17.31,1457.28,1457.31,0.03,-76.7,0.57,0.000,,gate chatter
24:19.09,24:19.11,1459.09,1459.11,0.02,-79.6,0.95,0.000,,gate chatter
24:19.22,24:19.23,1459.22,1459.23,0.01,-83.8,0.95,0.000,,gate chatter
24:37.12,24:37.14,1477.12,1477.14,0.02,-71.4,1.00,0.000,,gate chatter
24:37.33,24:37.51,1477.33,1477.51,0.18,-29.2,0.96,0.035,360,gate chatter
24:37.71,24:37.79,1477.71,1477.79,0.08,-47.4,0.95,0.000,,gate chatter
24:38.11,24:38.24,1478.11,1478.24,0.13,-33.8,0.85,0.038,368,gate chatter
24:38.60,24:38.92,1478.60,1478.92,0.32,-28.1,0.92,0.064,285,gate chatter
24:39.03,24:39.17,1479.03,1479.17,0.14,-32.4,1.00,0.031,630,gate chatter
24:39.56,24:40.64,1479.56,1480.64,1.08,-23.9,0.93,0.036,693,"quiet, reference talking"
24:40.84,24:41.59,1480.84,1481.59,0.75,-21.9,0.80,0.073,73,sustained low level under reference
24:41.87,24:41.91,1481.87,1481.91,0.04,-61.6,1.00,0.000,,gate chatter
24:42.09,24:43.26,1482.09,1483.26,1.17,-26.5,1.00,0.041,422,"quiet, reference talking"
24:43.52,24:44.02,1483.52,1484.02,0.50,-31.4,0.91,0.027,0,gate chatter
24:44.36,24:44.71,1484.36,1484.71,0.35,-21.4,0.97,0.029,153,gate chatter
24:44.95,24:45.80,1484.95,1485.80,0.85,-16.6,0.49,0.005,698,next to bleed cluster
24:46.05,24:46.10,1486.05,1486.10,0.05,-53.3,0.53,0.000,,gate chatter
24:46.24,24:47.10,1486.24,1487.10,0.86,-24.3,0.90,0.034,452,"quiet, reference talking"
24:47.30,24:47.42,1487.30,1487.42,0.12,-37.6,1.00,0.050,471,gate chatter
24:47.60,24:48.01,1487.60,1488.01,0.41,-33.8,1.00,0.063,5,gate chatter
24:48.35,24:48.54,1488.35,1488.54,0.19,-32.5,1.00,0.035,467,gate chatter
24:48.66,24:48.67,1488.66,1488.67,0.01,-71.4,1.00,0.000,,gate chatter
24:48.82,24:49.89,1488.82,1489.89,1.07,-21.2,0.99,0.019,123,sustained low level under reference
24:50.01,24:50.27,1490.01,1490.27,0.26,-20.7,0.98,0.048,608,gate chatter
24:50.72,24:51.06,1490.72,1491.06,0.34,-49.5,1.00,0.038,377,gate chatter
24:51.21,24:51.87,1491.21,1491.87,0.66,-38.8,0.51,0.031,403,"quiet, reference talking"
24:52.89,24:53.01,1492.89,1493.01,0.12,-34.5,1.00,0.071,550,gate chatter
24:53.12,24:53.29,1493.12,1493.29,0.17,-23.2,1.00,0.078,34,gate chatter
24:53.43,24:53.75,1493.43,1493.75,0.32,-31.5,0.97,0.048,289,gate chatter
24:54.07,24:54.18,1494.07,1494.18,0.11,-25.7,0.95,0.014,636,gate chatter
24:54.35,24:54.37,1494.35,1494.37,0.02,-70.4,1.00,0.000,,gate chatter
24:54.61,24:54.83,1494.61,1494.83,0.22,-29.5,0.99,0.166,483,gate chatter
24:54.98,24:55.52,1494.98,1495.52,0.54,-16.1,0.99,0.051,72,next to bleed cluster
24:55.63,24:55.64,1495.63,1495.64,0.01,-71.4,1.00,0.000,,gate chatter
24:55.81,24:55.94,1495.81,1495.94,0.13,-58.8,0.90,0.095,76,gate chatter
24:56.25,24:56.96,1496.25,1496.96,0.71,-16.3,0.98,0.032,614,next to bleed cluster
24:57.09,24:57.46,1497.09,1497.46,0.37,-38.8,1.00,0.111,153,gate chatter
24:57.60,24:57.69,1497.60,1497.69,0.09,-45.4,1.00,0.000,,gate chatter
24:57.83,24:58.63,1497.83,1498.63,0.80,-27.8,0.87,0.016,694,"quiet, reference talking"
24:58.86,24:59.01,1498.86,1499.01,0.15,-57.9,0.37,0.055,49,next to bleed cluster
24:59.20,24:59.56,1499.20,1499.56,0.36,-35.3,0.51,0.053,699,gate chatter
24:59.69,25:00.20,1499.69,1500.20,0.51,-27.3,0.92,0.050,491,gate chatter
25:00.47,25:00.51,1500.47,1500.51,0.04,-57.0,0.90,0.000,,gate chatter
25:00.75,25:01.18,1500.75,1501.18,0.43,-29.7,0.85,0.035,505,gate chatter
25:01.32,25:01.35,1501.32,1501.35,0.03,-53.4,0.91,0.000,,gate chatter
25:01.46,25:01.73,1501.46,1501.73,0.27,-40.2,0.98,0.039,54,gate chatter
25:01.85,25:02.15,1501.85,1502.15,0.30,-23.5,0.95,0.031,434,gate chatter
25:02.30,25:02.48,1502.30,1502.48,0.18,-29.9,0.95,0.079,102,gate chatter
25:02.87,25:03.14,1502.87,1503.14,0.27,-35.7,0.89,0.076,121,gate chatter
25:03.45,25:03.46,1503.45,1503.46,0.01,-62.1,1.00,0.000,,gate chatter
25:03.57,25:03.91,1503.57,1503.91,0.34,-25.4,1.00,0.032,290,gate chatter
25:04.17,25:04.64,1504.17,1504.64,0.47,-40.0,0.96,0.029,354,gate chatter
25:05.03,25:05.32,1505.03,1505.32,0.29,-38.9,0.49,0.029,110,gate chatter
25:13.40,25:13.64,1513.40,1513.64,0.24,-33.9,1.00,0.130,406,gate chatter
25:13.80,25:14.93,1513.80,1514.93,1.13,-27.6,0.98,0.051,504,"quiet, reference talking"
25:15.05,25:15.53,1515.05,1515.53,0.48,-31.8,0.97,0.075,128,gate chatter
25:15.84,25:16.91,1515.84,1516.91,1.07,-23.5,0.94,0.022,698,"quiet, reference talking"
25:17.08,25:17.21,1517.08,1517.21,0.13,-44.3,0.76,0.045,0,gate chatter
25:17.52,25:17.61,1517.52,1517.61,0.09,-47.0,0.75,0.000,,gate chatter
25:17.75,25:17.79,1517.75,1517.79,0.04,-62.4,0.93,0.000,,gate chatter
25:17.90,25:18.09,1517.90,1518.09,0.19,-35.5,0.95,0.033,238,gate chatter
25:18.45,25:18.73,1518.45,1518.73,0.28,-27.1,0.90,0.062,355,gate chatter
25:19.17,25:19.22,1519.17,1519.22,0.05,-57.6,0.88,0.000,,gate chatter
26:02.19,26:02.54,1562.19,1562.54,0.35,-50.7,0.96,0.072,194,gate chatter
26:02.66,26:03.43,1562.66,1563.43,0.77,-12.9,0.46,0.224,30,waveform matches reference (ncc 0.22)
26:08.97,26:08.99,1568.97,1568.99,0.02,-79.3,0.79,0.000,,gate chatter
26:09.18,26:09.45,1569.18,1569.45,0.27,-51.9,0.96,0.131,164,gate chatter
26:09.79,26:09.80,1569.79,1569.80,0.01,-79.3,0.95,0.000,,gate chatter
26:10.19,26:10.41,1570.19,1570.41,0.22,-61.8,1.00,0.042,466,gate chatter
26:10.52,26:10.69,1570.52,1570.69,0.17,-70.9,1.00,0.040,113,gate chatter
26:10.98,26:11.38,1570.98,1571.38,0.40,-67.5,0.73,0.041,587,gate chatter
26:11.56,26:11.73,1571.56,1571.73,0.17,-46.2,0.99,0.063,136,gate chatter
26:11.97,26:11.99,1571.97,1571.99,0.02,-55.4,0.98,0.000,,gate chatter
26:12.25,26:12.33,1572.25,1572.33,0.08,-35.9,0.98,0.000,,gate chatter
26:12.75,26:12.96,1572.75,1572.96,0.21,-41.3,1.00,0.031,433,gate chatter
26:13.13,26:13.34,1573.13,1573.34,0.21,-52.3,1.00,0.062,465,gate chatter
26:13.60,26:13.77,1573.60,1573.77,0.17,-39.0,0.97,0.031,89,gate chatter
26:13.92,26:14.01,1573.92,1574.01,0.09,-27.5,0.97,0.000,,gate chatter
26:14.13,26:14.24,1574.13,1574.24,0.11,-31.3,0.97,0.020,410,gate chatter
26:14.77,26:15.82,1574.77,1575.82,1.05,-24.1,0.75,0.044,523,"quiet, reference talking"
26:15.93,26:16.08,1575.93,1576.08,0.15,-43.3,0.86,0.065,272,gate chatter
26:16.49,26:17.56,1576.49,1577.56,1.07,-28.0,0.83,0.019,525,"quiet, reference talking"
26:22.76,26:23.33,1582.76,1583.33,0.57,-36.3,1.00,0.041,0,gate chatter
26:23.49,26:23.64,1583.49,1583.64,0.15,-30.3,0.94,0.022,253,gate chatter
26:24.14,26:24.51,1584.14,1584.51,0.37,-29.5,0.82,0.038,575,gate chatter
26:24.67,26:25.00,1584.67,1585.00,0.33,-23.4,0.90,0.063,188,gate chatter
26:25.15,26:25.35,1585.15,1585.35,0.20,-38.9,0.88,0.036,631,gate chatter
26:25.75,26:25.80,1585.75,1585.80,0.05,-49.3,0.90,0.000,,gate chatter
26:26.26,26:26.67,1586.26,1586.67,0.41,-17.0,1.00,0.017,697,next to bleed cluster
26:27.73,26:27.80,1587.73,1587.80,0.07,-37.0,0.92,0.000,,gate chatter
26:44.77,26:44.90,1604.77,1604.90,0.13,-28.2,1.00,0.053,510,gate chatter
28:31.68,28:31.95,1711.68,1711.95,0.27,-46.4,0.06,0.000,,next to bleed cluster
28:32.10,28:32.16,1712.10,1712.16,0.06,-44.8,0.36,0.000,,next to bleed cluster
28:32.30,28:32.37,1712.30,1712.37,0.07,-53.0,0.69,0.000,,gate chatter
28:32.50,28:32.72,1712.50,1712.72,0.22,-54.6,0.95,0.076,202,gate chatter
28:33.38,28:33.48,1713.38,1713.48,0.10,-37.3,0.83,0.034,412,gate chatter
28:33.80,28:33.84,1713.80,1713.84,0.04,-61.8,0.81,0.000,,gate chatter
28:34.04,28:34.10,1714.04,1714.10,0.06,-54.4,0.95,0.000,,gate chatter
28:34.41,28:34.63,1714.41,1714.63,0.22,-37.7,0.86,0.044,14,gate chatter
28:35.22,28:35.32,1715.22,1715.32,0.10,-47.3,1.00,0.077,33,gate chatter
28:35.59,28:35.60,1715.59,1715.60,0.01,-68.3,1.00,0.000,,gate chatter
28:35.71,28:35.80,1715.71,1715.80,0.09,-50.5,1.00,0.000,,gate chatter
29:18.62,29:18.86,1758.62,1758.86,0.24,-54.3,0.97,0.079,295,gate chatter
29:18.97,29:19.58,1758.97,1759.58,0.61,-14.1,0.80,0.080,363,next to bleed cluster
29:56.03,29:56.19,1796.03,1796.19,0.16,-35.9,0.99,0.019,430,gate chatter
29:56.40,29:56.65,1796.40,1796.65,0.25,-42.7,1.00,0.076,11,gate chatter
29:56.81,29:56.82,1796.81,1796.82,0.01,-77.2,1.00,0.000,,gate chatter
29:58.00,29:58.12,1798.00,1798.12,0.12,-37.3,0.63,0.036,355,gate chatter
29:58.36,29:58.62,1798.36,1798.62,0.26,-37.5,0.91,0.025,604,gate chatter
29:58.81,29:58.96,1798.81,1798.96,0.15,-49.4,0.99,0.072,102,gate chatter
29:59.57,29:59.72,1799.57,1799.72,0.15,-63.9,0.91,0.070,519,gate chatter
30:00.00,30:00.05,1800.00,1800.05,0.05,-53.4,0.95,0.000,,gate chatter
30:00.22,30:00.29,1800.22,1800.29,0.07,-42.9,0.90,0.000,,gate chatter
30:15.95,30:16.09,1815.95,1816.09,0.14,-42.7,0.99,0.086,652,gate chatter
30:16.77,30:17.13,1816.77,1817.13,0.36,-34.3,0.93,0.025,592,gate chatter
30:17.37,30:17.51,1817.37,1817.51,0.14,-46.9,0.96,0.028,233,gate chatter
30:17.62,30:18.34,1817.62,1818.34,0.72,-39.2,0.98,0.108,678,"quiet, reference talking"
30:18.57,30:18.77,1818.57,1818.77,0.20,-40.0,0.80,0.070,244,gate chatter
30:19.02,30:19.09,1819.02,1819.09,0.07,-55.7,0.68,0.000,,gate chatter
30:20.03,30:20.14,1820.03,1820.14,0.11,-36.2,1.00,0.061,697,gate chatter
30:20.26,30:20.54,1820.26,1820.54,0.28,-39.0,0.96,0.074,365,gate chatter
30:20.65,30:21.43,1820.65,1821.43,0.78,-34.6,0.96,0.028,31,"quiet, reference talking"
30:22.01,30:22.07,1822.01,1822.07,0.06,-62.0,1.00,0.000,,gate chatter
30:22.24,30:22.27,1822.24,1822.27,0.03,-66.5,1.00,0.000,,gate chatter
30:22.41,30:22.51,1822.41,1822.51,0.10,-64.6,1.00,0.111,274,gate chatter
30:22.62,30:22.72,1822.62,1822.72,0.10,-63.1,0.97,0.099,655,gate chatter
30:22.83,30:22.86,1822.83,1822.86,0.03,-62.7,0.93,0.000,,gate chatter
30:23.05,30:23.06,1823.05,1823.06,0.01,-68.0,0.93,0.000,,gate chatter
30:23.23,30:23.35,1823.23,1823.35,0.12,-65.3,0.93,0.096,33,gate chatter
30:23.55,30:23.57,1823.55,1823.57,0.02,-64.4,0.82,0.000,,gate chatter
30:23.92,30:23.93,1823.92,1823.93,0.01,-62.3,0.64,0.000,,gate chatter
30:24.06,30:24.09,1824.06,1824.09,0.03,-62.3,0.71,0.000,,gate chatter
30:24.31,30:24.36,1824.31,1824.36,0.05,-67.7,1.00,0.000,,gate chatter
30:24.50,30:24.53,1824.50,1824.53,0.03,-64.0,1.00,0.000,,gate chatter
30:24.71,30:24.73,1824.71,1824.73,0.02,-66.0,1.00,0.000,,gate chatter
30:24.91,30:24.96,1824.91,1824.96,0.05,-64.2,0.92,0.000,,gate chatter
30:25.21,30:25.23,1825.21,1825.23,0.02,-69.4,0.89,0.000,,gate chatter
30:25.43,30:25.76,1825.43,1825.76,0.33,-27.6,0.98,0.045,403,gate chatter
31:05.75,31:06.70,1865.75,1866.70,0.95,-38.8,0.75,0.054,361,"quiet, reference talking"
31:08.14,31:08.28,1868.14,1868.28,0.14,-57.3,0.99,0.043,59,gate chatter
31:47.20,31:47.26,1907.20,1907.26,0.06,-73.1,1.00,0.000,,gate chatter
32:19.20,32:19.27,1939.20,1939.27,0.07,-39.8,0.00,0.000,,next to bleed cluster
32:19.43,32:19.50,1939.43,1939.50,0.07,-22.6,0.15,0.000,,next to bleed cluster
32:20.03,32:20.28,1940.03,1940.28,0.25,-14.1,0.89,0.403,407,waveform matches reference (ncc 0.40)
32:21.67,32:21.80,1941.67,1941.80,0.13,-43.4,0.94,0.052,659,gate chatter
32:22.10,32:22.22,1942.10,1942.22,0.12,-42.8,1.00,0.053,189,gate chatter
32:22.58,32:22.68,1942.58,1942.68,0.10,-46.3,1.00,0.054,691,gate chatter
32:56.22,32:56.25,1976.22,1976.25,0.03,-71.9,0.88,0.000,,gate chatter
32:56.50,32:56.68,1976.50,1976.68,0.18,-61.7,0.63,0.093,201,gate chatter
32:57.42,32:57.58,1977.42,1977.58,0.16,-74.5,0.79,0.097,361,gate chatter
32:57.97,32:58.14,1977.97,1978.14,0.17,-62.8,0.93,0.053,90,gate chatter
32:58.65,32:58.84,1978.65,1978.84,0.19,-55.3,0.91,0.024,538,gate chatter
32:59.24,32:59.31,1979.24,1979.31,0.07,-76.0,0.95,0.000,,gate chatter
36:02.18,36:02.28,2162.18,2162.28,0.10,-66.1,1.00,0.058,569,gate chatter
36:15.82,36:16.01,2175.82,2176.01,0.19,-70.6,0.00,0.000,,next to bleed cluster
36:16.13,36:16.40,2176.13,2176.40,0.27,-35.2,0.00,0.000,,next to bleed cluster
36:16.91,36:17.60,2176.91,2177.60,0.69,-42.3,0.60,0.045,647,"quiet, reference talking"
36:18.34,36:18.67,2178.34,2178.67,0.33,-44.4,0.94,0.042,690,gate chatter
36:18.81,36:19.25,2178.81,2179.25,0.44,-53.8,0.87,0.066,342,gate chatter
36:19.41,36:19.42,2179.41,2179.42,0.01,-69.0,0.79,0.000,,gate chatter
36:19.58,36:19.64,2179.58,2179.64,0.06,-66.9,0.85,0.000,,gate chatter
36:19.84,36:20.03,2179.84,2180.03,0.19,-43.7,0.97,0.033,699,gate chatter
36:20.82,36:21.02,2180.82,2181.02,0.20,-40.3,0.95,0.039,78,gate chatter
36:21.14,36:21.35,2181.14,2181.35,0.21,-49.5,0.97,0.050,392,gate chatter
36:21.97,36:22.20,2181.97,2182.20,0.23,-44.3,0.99,0.054,474,gate chatter
36:22.35,36:22.36,2182.35,2182.36,0.01,-69.9,1.00,0.000,,gate chatter
36:22.55,36:22.62,2182.55,2182.62,0.07,-43.5,1.00,0.000,,gate chatter
36:23.05,36:23.16,2183.05,2183.16,0.11,-39.0,1.00,0.034,406,gate chatter
36:23.58,36:24.33,2183.58,2184.33,0.75,-32.4,0.90,0.017,153,"quiet, reference talking"
36:24.49,36:24.90,2184.49,2184.90,0.41,-38.2,0.69,0.042,338,gate chatter
36:25.13,36:25.20,2185.13,2185.20,0.07,-53.7,0.76,0.000,,gate chatter
36:25.37,36:25.47,2185.37,2185.47,0.10,-28.8,1.00,0.019,654,gate chatter
36:25.88,36:25.91,2185.88,2185.91,0.03,-57.8,1.00,0.000,,gate chatter
36:26.28,36:26.29,2186.28,2186.29,0.01,-64.4,1.00,0.000,,gate chatter
36:26.77,36:26.95,2186.77,2186.95,0.18,-31.0,1.00,0.032,301,gate chatter
36:27.22,36:27.34,2187.22,2187.34,0.12,-60.6,1.00,0.121,509,gate chatter
36:27.47,36:27.63,2187.47,2187.63,0.16,-60.0,1.00,0.084,249,gate chatter
36:27.89,36:28.39,2187.89,2188.39,0.50,-60.0,1.00,0.074,531,gate chatter
36:28.57,36:28.63,2188.57,2188.63,0.06,-64.7,1.00,0.000,,gate chatter
37:36.55,37:36.69,2256.55,2256.69,0.14,-61.1,1.00,0.036,200,gate chatter
37:38.64,37:38.76,2258.64,2258.76,0.12,-49.9,1.00,0.063,500,gate chatter
37:38.95,37:39.06,2258.95,2259.06,0.11,-48.5,1.00,0.048,306,gate chatter
37:39.36,37:39.71,2259.36,2259.71,0.35,-31.3,1.00,0.031,291,gate chatter
37:40.06,37:40.46,2260.06,2260.46,0.40,-44.7,0.89,0.055,457,gate chatter
37:40.61,37:40.68,2260.61,2260.68,0.07,-53.1,0.63,0.000,,gate chatter
37:40.92,37:41.01,2260.92,2261.01,0.09,-51.1,0.39,0.000,,next to bleed cluster
37:41.15,37:41.18,2261.15,2261.18,0.03,-65.7,0.48,0.000,,gate chatter
37:41.29,37:41.75,2261.29,2261.75,0.46,-41.3,0.84,0.014,127,gate chatter
37:42.54,37:43.09,2262.54,2263.09,0.55,-38.4,1.00,0.035,241,gate chatter
37:43.74,37:43.87,2263.74,2263.87,0.13,-45.6,1.00,0.058,74,gate chatter
37:44.05,37:44.79,2264.05,2264.79,0.74,-32.0,1.00,0.031,460,"quiet, reference talking"
37:44.97,37:45.24,2264.97,2265.24,0.27,-45.0,0.93,0.058,77,gate chatter
37:46.04,37:46.67,2266.04,2266.67,0.63,-42.4,0.97,0.024,640,"quiet, reference talking"
37:46.78,37:47.24,2266.78,2267.24,0.46,-40.8,0.81,0.023,124,gate chatter
37:47.93,37:47.94,2267.93,2267.94,0.01,-59.8,1.00,0.000,,gate chatter
37:48.06,37:48.20,2268.06,2268.20,0.14,-53.2,0.99,0.051,340,gate chatter
37:48.42,37:48.60,2268.42,2268.60,0.18,-35.3,0.95,0.024,38,gate chatter
37:48.78,37:48.87,2268.78,2268.87,0.09,-50.6,0.92,0.000,,gate chatter
37:49.12,37:49.15,2269.12,2269.15,0.03,-60.1,0.91,0.000,,gate chatter
37:49.30,37:49.70,2269.30,2269.70,0.40,-32.6,1.00,0.051,491,gate chatter
37:50.14,37:50.41,2270.14,2270.41,0.27,-36.2,0.96,0.024,245,gate chatter
38:59.63,38:59.70,2339.63,2339.70,0.07,-77.4,0.42,0.000,,gate chatter
38:59.94,39:00.09,2339.94,2340.09,0.15,-69.8,0.53,0.052,364,gate chatter
39:01.36,39:01.45,2341.36,2341.45,0.09,-62.2,0.92,0.000,,gate chatter
39:01.72,39:01.76,2341.72,2341.76,0.04,-74.0,0.90,0.000,,gate chatter
39:02.07,39:02.14,2342.07,2342.14,0.07,-70.8,0.98,0.000,,gate chatter
39:02.30,39:02.43,2342.30,2342.43,0.13,-72.8,1.00,0.053,333,gate chatter
39:02.57,39:02.90,2342.57,2342.90,0.33,-65.0,1.00,0.025,679,gate chatter
39:04.01,39:04.02,2344.01,2344.02,0.01,-83.8,1.00,0.000,,gate chatter
39:04.22,39:05.14,2344.22,2345.14,0.92,-63.3,0.97,0.022,451,"quiet, reference talking"
40:57.92,40:58.19,2457.92,2458.19,0.27,-40.7,0.00,0.000,,next to bleed cluster
40:58.36,40:58.46,2458.36,2458.46,0.10,-54.9,0.00,0.000,,next to bleed cluster
40:59.00,40:59.22,2459.00,2459.22,0.22,-37.3,0.57,0.144,494,gate chatter
40:59.35,40:59.59,2459.35,2459.59,0.24,-50.8,1.00,0.033,411,gate chatter
41:01.08,41:01.09,2461.08,2461.09,0.01,-64.5,1.00,0.000,,gate chatter
41:01.21,41:01.42,2461.21,2461.42,0.21,-48.2,1.00,0.038,374,gate chatter
41:01.53,41:02.04,2461.53,2462.04,0.51,-41.6,0.60,0.027,18,gate chatter
41:02.24,41:02.27,2462.24,2462.27,0.03,-63.8,0.60,0.000,,gate chatter
41:02.64,41:03.27,2462.64,2463.27,0.63,-44.5,0.86,0.042,394,"quiet, reference talking"
41:03.42,41:03.43,2463.42,2463.43,0.01,-57.4,0.93,0.000,,gate chatter
41:03.60,41:04.40,2463.60,2464.40,0.80,-49.4,0.83,0.029,129,"quiet, reference talking"
41:04.52,41:04.72,2464.52,2464.72,0.20,-46.0,0.88,0.050,659,gate chatter
41:04.91,41:05.00,2464.91,2465.00,0.09,-51.8,0.94,0.000,,gate chatter
41:05.28,41:05.44,2465.28,2465.44,0.16,-41.1,0.94,0.082,7,gate chatter
41:05.86,41:06.21,2465.86,2466.21,0.35,-43.7,0.72,0.066,357,gate chatter
41:07.09,41:07.13,2467.09,2467.13,0.04,-56.2,0.83,0.000,,gate chatter
41:43.12,42:41.50,2503.12,2561.50,58.38,-42.2,0.94,0.011,556,sustained low level under reference
42:44.85,42:45.16,2564.85,2565.16,0.31,-36.7,0.60,0.096,424,gate chatter
43:58.31,43:58.42,2638.31,2638.42,0.11,-34.4,1.00,0.015,37,gate chatter
43:58.61,43:59.37,2638.61,2639.37,0.76,-37.1,0.97,0.034,385,"quiet, reference talking"
43:59.86,44:00.24,2639.86,2640.24,0.38,-25.5,0.57,0.014,628,gate chatter
44:00.52,44:01.03,2640.52,2641.03,0.51,-29.8,0.77,0.027,165,gate chatter
44:01.19,44:01.35,2641.19,2641.35,0.16,-40.2,0.94,0.025,508,gate chatter
44:01.70,44:02.16,2641.70,2642.16,0.46,-40.0,0.82,0.045,680,gate chatter
44:02.31,44:02.55,2642.31,2642.55,0.24,-29.6,1.00,0.024,69,gate chatter
44:03.18,44:03.93,2643.18,2643.93,0.75,-29.2,0.98,0.024,620,"quiet, reference talking"
44:04.08,44:04.51,2644.08,2644.51,0.43,-41.9,1.00,0.018,15,gate chatter
44:04.64,44:04.78,2644.64,2644.78,0.14,-26.6,1.00,0.053,482,gate chatter
44:05.03,44:05.13,2645.03,2645.13,0.10,-43.6,1.00,0.064,493,gate chatter
44:05.37,44:05.90,2645.37,2645.90,0.53,-38.8,0.98,0.042,91,gate chatter
44:06.13,44:06.15,2646.13,2646.15,0.02,-65.9,1.00,0.000,,gate chatter
44:06.31,44:06.38,2646.31,2646.38,0.07,-56.7,1.00,0.000,,gate chatter
44:06.74,44:06.85,2646.74,2646.85,0.11,-49.0,1.00,0.058,564,gate chatter
44:06.98,44:07.32,2646.98,2647.32,0.34,-37.2,1.00,0.046,131,gate chatter
44:08.33,44:08.42,2648.33,2648.42,0.09,-40.9,0.89,0.000,,gate chatter
44:08.55,44:08.72,2648.55,2648.72,0.17,-54.3,0.97,0.050,535,gate chatter
44:09.15,44:09.24,2649.15,2649.24,0.09,-37.2,1.00,0.000,,gate chatter
44:09.98,44:10.23,2649.98,2650.23,0.25,-32.4,0.95,0.023,211,gate chatter
44:10.83,44:11.09,2650.83,2651.09,0.26,-45.5,0.96,0.063,180,gate chatter
44:11.22,44:11.40,2651.22,2651.40,0.18,-47.3,1.00,0.097,4,gate chatter
44:11.53,44:11.54,2651.53,2651.54,0.01,-71.7,1.00,0.000,,gate chatter
44:11.88,44:12.07,2651.88,2652.07,0.19,-28.0,0.95,0.046,562,gate chatter
44:12.30,44:12.31,2652.30,2652.31,0.01,-73.3,0.93,0.000,,gate chatter
44:18.08,44:18.55,2658.08,2658.55,0.47,-30.7,0.91,0.051,695,gate chatter
44:19.17,44:19.24,2659.17,2659.24,0.07,-37.2,0.95,0.000,,gate chatter
44:19.88,44:20.12,2659.88,2660.12,0.24,-36.2,0.96,0.090,487,gate chatter
44:20.29,44:20.47,2660.29,2660.47,0.18,-29.4,0.96,0.015,14,gate chatter
44:20.64,44:20.70,2660.64,2660.70,0.06,-41.8,1.00,0.000,,gate chatter
44:20.93,44:21.18,2660.93,2661.18,0.25,-29.2,0.90,0.011,436,gate chatter
44:21.36,44:21.75,2661.36,2661.75,0.39,-38.2,0.94,0.041,264,gate chatter
44:21.93,44:21.96,2661.93,2661.96,0.03,-71.0,1.00,0.000,,gate chatter
44:22.13,44:22.45,2662.13,2662.45,0.32,-37.4,1.00,0.054,267,gate chatter
44:22.73,44:23.14,2662.73,2663.14,0.41,-29.9,0.98,0.018,489,gate chatter
44:23.56,44:23.83,2663.56,2663.83,0.27,-41.0,0.89,0.094,331,gate chatter
44:23.99,44:24.13,2663.99,2664.13,0.14,-67.3,1.00,0.115,585,gate chatter
44:24.41,44:24.91,2664.41,2664.91,0.50,-63.5,1.00,0.085,216,gate chatter
44:25.07,44:25.42,2665.07,2665.42,0.35,-67.3,0.99,0.069,18,gate chatter
44:25.75,44:26.47,2665.75,2666.47,0.72,-9.7,0.64,0.047,362,next to bleed cluster
44:48.20,44:48.25,2688.20,2688.25,0.05,-78.1,1.00,0.000,,gate chatter
44:48.52,44:48.71,2688.52,2688.71,0.19,-13.8,1.00,0.104,599,next to bleed cluster
44:48.91,44:49.14,2688.91,2689.14,0.23,-50.2,1.00,0.028,174,gate chatter
44:49.25,44:50.00,2689.25,2690.00,0.75,-24.9,0.96,0.020,676,"quiet, reference talking"
44:50.16,44:50.50,2690.16,2690.50,0.34,-35.5,0.82,0.046,333,gate chatter
44:51.54,44:51.93,2691.54,2691.93,0.39,-36.4,0.85,0.093,498,gate chatter
44:52.98,44:53.15,2692.98,2693.15,0.17,-44.4,0.86,0.030,346,gate chatter
44:53.30,44:53.39,2693.30,2693.39,0.09,-44.0,0.97,0.000,,gate chatter
44:54.30,44:54.50,2694.30,2694.50,0.20,-25.9,1.00,0.033,211,gate chatter
44:54.68,44:54.85,2694.68,2694.85,0.17,-59.7,1.00,0.040,190,gate chatter
44:55.08,44:55.11,2695.08,2695.11,0.03,-62.2,1.00,0.000,,gate chatter
44:55.62,44:56.33,2695.62,2696.33,0.71,-29.0,1.00,0.021,359,"quiet, reference talking"
44:56.73,44:57.04,2696.73,2697.04,0.31,-47.3,0.60,0.026,121,gate chatter
45:05.95,45:06.12,2705.95,2706.12,0.17,-26.8,0.88,0.034,315,gate chatter
45:06.24,45:06.98,2706.24,2706.98,0.74,-31.6,0.99,0.015,112,"quiet, reference talking"
45:07.54,45:08.66,2707.54,2708.66,1.12,-29.6,0.92,0.036,338,"quiet, reference talking"
45:08.77,45:08.92,2708.77,2708.92,0.15,-42.1,1.00,0.044,4,gate chatter
45:09.23,45:09.49,2709.23,2709.49,0.26,-38.6,1.00,0.011,680,gate chatter
45:10.53,45:10.76,2710.53,2710.76,0.23,-45.9,0.97,0.043,466,gate chatter
45:11.01,45:11.30,2711.01,2711.30,0.29,-60.6,0.94,0.063,227,gate chatter
45:11.42,45:11.59,2711.42,2711.59,0.17,-68.5,0.85,0.098,682,gate chatter
45:11.84,45:12.38,2711.84,2712.38,0.54,-65.8,0.93,0.076,147,gate chatter
45:12.54,45:12.60,2712.54,2712.60,0.06,-71.3,1.00,0.000,,gate chatter
45:12.75,45:13.25,2712.75,2713.25,0.50,-41.2,0.98,0.053,72,gate chatter
46:31.69,46:32.03,2791.69,2792.03,0.34,-21.6,0.97,0.142,104,gate chatter
46:40.30,46:40.37,2800.30,2800.37,0.07,-65.1,0.98,0.000,,gate chatter
46:40.82,46:40.83,2800.82,2800.83,0.01,-83.2,0.98,0.000,,gate chatter
46:41.07,46:41.17,2801.07,2801.17,0.10,-75.5,1.00,0.049,52,gate chatter
46:41.85,46:41.94,2801.85,2801.94,0.09,-64.3,1.00,0.000,,gate chatter
46:42.13,46:42.25,2802.13,2802.25,0.12,-64.6,1.00,0.027,497,gate chatter
46:42.40,46:42.78,2802.40,2802.78,0.38,-57.4,1.00,0.025,365,gate chatter
48:08.00,48:08.02,2888.00,2888.02,0.02,-63.6,0.00,0.000,,next to bleed cluster
48:08.86,48:08.95,2888.86,2888.95,0.09,-38.3,1.00,0.000,,gate chatter
48:10.10,48:10.23,2890.10,2890.23,0.13,-38.7,1.00,0.030,628,gate chatter
48:11.24,48:11.36,2891.24,2891.36,0.12,-36.7,1.00,0.028,170,gate chatter
48:17.66,48:18.03,2897.66,2898.03,0.37,-40.1,0.99,0.036,197,gate chatter
48:19.03,48:19.56,2899.03,2899.56,0.53,-30.6,0.99,0.069,402,gate chatter
49:03.72,49:03.73,2943.72,2943.73,0.01,-75.2,1.00,0.000,,gate chatter
49:04.18,49:04.38,2944.18,2944.38,0.20,-40.6,0.99,0.037,692,gate chatter
49:04.53,49:05.43,2944.53,2945.43,0.90,-32.8,1.00,0.050,408,"quiet, reference talking"
49:06.88,49:06.94,2946.88,2946.94,0.06,-47.9,0.97,0.000,,gate chatter
49:07.18,49:07.50,2947.18,2947.50,0.32,-23.9,0.98,0.020,396,gate chatter
49:07.75,49:07.76,2947.75,2947.76,0.01,-68.4,0.96,0.000,,gate chatter
49:08.26,49:08.42,2948.26,2948.42,0.16,-32.5,0.93,0.024,191,gate chatter
49:08.56,49:08.77,2948.56,2948.77,0.21,-52.8,0.96,0.064,88,gate chatter
49:08.98,49:09.14,2948.98,2949.14,0.16,-39.1,0.96,0.019,285,gate chatter
49:09.45,49:09.55,2949.45,2949.55,0.10,-34.3,0.94,0.029,79,gate chatter
49:09.78,49:09.85,2949.78,2949.85,0.07,-57.9,1.00,0.000,,gate chatter
49:10.25,49:10.26,2950.25,2950.26,0.01,-51.4,0.95,0.000,,gate chatter
49:10.57,49:10.84,2950.57,2950.84,0.27,-31.9,1.00,0.022,630,gate chatter
49:11.16,49:11.73,2951.16,2951.73,0.57,-32.2,0.97,0.029,76,gate chatter
49:12.00,49:12.01,2952.00,2952.01,0.01,-73.8,1.00,0.000,,gate chatter
49:12.26,49:12.33,2952.26,2952.33,0.07,-35.7,0.95,0.000,,gate chatter
49:12.64,49:12.77,2952.64,2952.77,0.13,-32.6,0.96,0.031,617,gate chatter
49:12.90,49:13.01,2952.90,2953.01,0.11,-47.3,1.00,0.044,295,gate chatter
49:13.29,49:13.39,2953.29,2953.39,0.10,-31.8,0.92,0.018,466,gate chatter
49:13.77,49:14.17,2953.77,2954.17,0.40,-36.9,0.97,0.031,0,gate chatter
49:14.42,49:14.49,2954.42,2954.49,0.07,-45.4,1.00,0.000,,gate chatter
49:14.78,49:14.98,2954.78,2954.98,0.20,-30.9,0.76,0.047,173,gate chatter
49:15.09,49:15.32,2955.09,2955.32,0.23,-35.5,0.81,0.051,426,gate chatter
49:15.49,49:15.71,2955.49,2955.71,0.22,-55.5,1.00,0.072,112,gate chatter
49:15.93,49:16.22,2955.93,2956.22,0.29,-30.7,1.00,0.029,264,gate chatter
49:16.35,49:16.45,2956.35,2956.45,0.10,-25.4,1.00,0.012,582,gate chatter
49:16.66,49:16.89,2956.66,2956.89,0.23,-42.3,1.00,0.033,106,gate chatter
49:17.36,49:17.44,2957.36,2957.44,0.08,-49.8,0.98,0.000,,gate chatter
49:18.02,49:18.03,2958.02,2958.03,0.01,-70.7,1.00,0.000,,gate chatter
49:18.22,49:18.26,2958.22,2958.26,0.04,-59.2,1.00,0.000,,gate chatter
49:18.40,49:18.42,2958.40,2958.42,0.02,-73.4,1.00,0.000,,gate chatter
49:18.59,49:18.86,2958.59,2958.86,0.27,-35.5,1.00,0.021,18,gate chatter
49:19.05,49:19.42,2959.05,2959.42,0.37,-33.0,0.99,0.082,80,gate chatter
49:19.79,49:19.88,2959.79,2959.88,0.09,-41.9,0.97,0.000,,gate chatter
49:20.37,49:20.52,2960.37,2960.52,0.15,-54.0,0.86,0.052,666,gate chatter
49:21.01,49:21.82,2961.01,2961.82,0.81,-35.9,0.87,0.042,248,"quiet, reference talking"
49:22.75,49:23.24,2962.75,2963.24,0.49,-32.1,1.00,0.067,290,gate chatter
49:23.74,49:23.75,2963.74,2963.75,0.01,-62.4,0.52,0.000,,gate chatter
49:24.05,49:24.08,2964.05,2964.08,0.03,-67.1,0.78,0.000,,gate chatter
49:24.25,49:24.28,2964.25,2964.28,0.03,-49.3,0.97,0.000,,gate chatter
49:24.56,49:24.84,2964.56,2964.84,0.28,-35.6,0.99,0.036,346,gate chatter
49:25.83,49:25.96,2965.83,2965.96,0.13,-54.3,0.99,0.035,530,gate chatter
49:26.10,49:26.22,2966.10,2966.22,0.12,-41.9,0.99,0.019,183,gate chatter
49:26.57,49:26.85,2966.57,2966.85,0.28,-50.4,1.00,0.076,585,gate chatter
49:26.98,49:27.02,2966.98,2967.02,0.04,-40.6,1.00,0.000,,gate chatter
49:27.84,50:27.27,2967.84,3027.27,59.43,-21.3,0.91,0.009,305,sustained low level under reference
50:27.61,50:27.64,3027.61,3027.64,0.03,-61.8,1.00,0.000,,gate chatter
50:27.81,50:27.83,3027.81,3027.83,0.02,-65.9,0.82,0.000,,gate chatter
50:28.23,50:28.30,3028.23,3028.30,0.07,-62.0,0.42,0.000,,gate chatter
50:28.88,50:28.99,3028.88,3028.99,0.11,-61.9,0.92,0.116,380,gate chatter
50:29.13,50:29.24,3029.13,3029.24,0.11,-67.5,0.86,0.090,322,gate chatter
50:29.69,50:29.72,3029.69,3029.72,0.03,-74.2,0.88,0.000,,gate chatter
52:51.90,52:52.00,3171.90,3172.00,0.10,-65.1,0.82,0.049,621,gate chatter
52:52.31,52:52.36,3172.31,3172.36,0.05,-71.6,0.88,0.000,,gate chatter
52:52.81,52:52.86,3172.81,3172.86,0.05,-83.6,0.95,0.000,,gate chatter
52:53.06,52:53.08,3173.06,3173.08,0.02,-82.8,1.00,0.000,,gate chatter
52:53.33,52:53.39,3173.33,3173.39,0.06,-72.1,0.95,0.000,,gate chatter
52:54.54,52:55.21,3174.54,3175.21,0.67,-51.6,0.96,0.041,447,"quiet, reference talking"
52:56.83,52:57.04,3176.83,3177.04,0.21,-65.5,1.00,0.059,226,gate chatter
53:04.46,53:04.47,3184.46,3184.47,0.01,-78.7,0.96,0.000,,gate chatter
53:04.63,53:04.66,3184.63,3184.66,0.03,-79.4,0.97,0.000,,gate chatter
53:04.86,53:05.08,3184.86,3185.08,0.22,-50.2,1.00,0.109,482,gate chatter
53:27.58,53:27.60,3207.58,3207.60,0.02,-80.2,1.00,0.000,,gate chatter
53:27.79,53:28.20,3207.79,3208.20,0.41,-17.4,1.00,0.093,372,next to bleed cluster
53:44.09,53:44.50,3224.09,3224.50,0.41,-64.8,1.00,0.063,694,gate chatter
53:44.64,53:44.71,3224.64,3224.71,0.07,-61.8,1.00,0.000,,gate chatter
53:45.02,53:45.16,3225.02,3225.16,0.14,-50.2,0.94,0.025,274,gate chatter
53:45.38,53:45.58,3225.38,3225.58,0.20,-71.1,0.68,0.032,639,gate chatter
53:45.81,53:45.83,3225.81,3225.83,0.02,-66.9,0.58,0.000,,gate chatter
53:46.22,53:46.30,3226.22,3226.30,0.08,-57.2,0.97,0.000,,gate chatter
53:48.06,53:48.18,3228.06,3228.18,0.12,-59.7,0.96,0.039,243,gate chatter
53:49.43,53:49.58,3229.43,3229.58,0.15,-61.9,0.96,0.036,275,gate chatter
53:49.74,53:49.77,3229.74,3229.77,0.03,-74.7,0.98,0.000,,gate chatter
53:50.01,53:50.05,3230.01,3230.05,0.04,-72.5,1.00,0.000,,gate chatter
53:50.29,53:50.35,3230.29,3230.35,0.06,-65.5,1.00,0.000,,gate chatter
53:51.46,53:51.68,3231.46,3231.68,0.22,-65.8,0.90,0.033,680,gate chatter
53:51.81,53:51.90,3231.81,3231.90,0.09,-58.3,0.92,0.000,,gate chatter
53:52.08,53:52.19,3232.08,3232.19,0.11,-62.6,1.00,0.045,438,gate chatter
53:53.21,53:53.35,3233.21,3233.35,0.14,-66.6,0.99,0.055,500,gate chatter
53:53.64,53:53.79,3233.64,3233.79,0.15,-68.6,0.99,0.105,8,gate chatter
53:53.97,53:54.00,3233.97,3234.00,0.03,-83.7,1.00,0.000,,gate chatter
53:54.30,53:54.36,3234.30,3234.36,0.06,-74.3,1.00,0.000,,gate chatter
53:54.54,53:54.64,3234.54,3234.64,0.10,-68.1,1.00,0.035,314,gate chatter
53:54.96,53:54.97,3234.96,3234.97,0.01,-82.5,0.88,0.000,,gate chatter
53:55.18,53:55.26,3235.18,3235.26,0.08,-58.9,0.68,0.000,,gate chatter
54:13.34,54:13.45,3253.34,3253.45,0.11,-58.6,0.95,0.086,69,gate chatter
55:44.81,55:45.08,3344.81,3345.08,0.27,-20.4,0.98,0.069,238,gate chatter
55:45.39,55:45.54,3345.39,3345.54,0.15,-55.7,1.00,0.036,510,gate chatter
55:48.68,55:48.83,3348.68,3348.83,0.15,-62.0,0.74,0.139,239,gate chatter
55:49.96,55:50.24,3349.96,3350.24,0.28,-61.0,0.64,0.067,689,gate chatter
55:50.43,55:50.44,3350.43,3350.44,0.01,-83.3,1.00,0.000,,gate chatter
55:50.66,55:50.76,3350.66,3350.76,0.10,-69.0,0.97,0.035,278,gate chatter
55:51.03,55:51.04,3351.03,3351.04,0.01,-80.6,0.70,0.000,,gate chatter
56:02.36,56:02.62,3362.36,3362.62,0.26,-39.3,1.00,0.024,399,gate chatter
56:02.79,56:03.82,3362.79,3363.82,1.03,-28.8,0.92,0.010,223,"quiet, reference talking"
56:04.80,56:05.11,3364.80,3365.11,0.31,-28.8,0.90,0.020,466,gate chatter
56:05.33,56:06.09,3365.33,3366.09,0.76,-28.9,0.86,0.035,695,"quiet, reference talking"
56:06.32,56:06.33,3366.32,3366.33,0.01,-73.4,0.80,0.000,,gate chatter
56:07.71,56:07.73,3367.71,3367.73,0.02,-63.6,1.00,0.000,,gate chatter
56:07.98,56:08.28,3367.98,3368.28,0.30,-35.9,1.00,0.051,697,gate chatter
56:08.42,56:08.47,3368.42,3368.47,0.05,-65.9,1.00,0.000,,gate chatter
56:33.70,56:34.14,3393.70,3394.14,0.44,-48.3,0.99,0.028,544,gate chatter
56:34.39,56:34.97,3394.39,3394.97,0.58,-35.3,0.97,0.018,377,gate chatter
56:35.27,56:35.97,3395.27,3395.97,0.70,-33.1,0.96,0.023,2,"quiet, reference talking"
56:36.30,56:36.40,3396.30,3396.40,0.10,-59.7,0.82,0.052,182,gate chatter
56:36.75,56:37.08,3396.75,3397.08,0.33,-22.5,0.91,0.063,481,gate chatter
56:37.43,56:37.52,3397.43,3397.52,0.09,-55.0,1.00,0.000,,gate chatter
56:37.72,56:37.83,3397.72,3397.83,0.11,-34.8,0.94,0.032,86,gate chatter
56:38.03,56:38.32,3398.03,3398.32,0.29,-46.0,0.93,0.051,24,gate chatter
56:38.71,56:39.19,3398.71,3399.19,0.48,-34.7,0.83,0.060,268,gate chatter
56:40.28,56:40.66,3400.28,3400.66,0.38,-35.7,1.00,0.036,483,gate chatter
56:40.83,56:40.89,3400.83,3400.89,0.06,-57.7,1.00,0.000,,gate chatter
56:41.15,56:41.30,3401.15,3401.30,0.15,-32.1,0.97,0.016,63,gate chatter
56:42.51,56:42.58,3402.51,3402.58,0.07,-57.8,0.84,0.000,,gate chatter
56:42.70,56:42.91,3402.70,3402.91,0.21,-46.3,1.00,0.045,651,gate chatter
56:43.17,56:43.25,3403.17,3403.25,0.08,-37.7,1.00,0.000,,gate chatter
56:43.46,56:43.58,3403.46,3403.58,0.12,-43.5,0.97,0.040,420,gate chatter
56:43.77,56:43.98,3403.77,3403.98,0.21,-49.7,0.97,0.054,147,gate chatter
56:44.44,56:44.80,3404.44,3404.80,0.36,-35.9,1.00,0.057,630,gate chatter
56:45.77,56:45.88,3405.77,3405.88,0.11,-47.2,0.89,0.054,698,gate chatter
56:46.44,56:46.48,3406.44,3406.48,0.04,-81.7,1.00,0.000,,gate chatter
56:46.68,56:46.74,3406.68,3406.74,0.06,-67.2,1.00,0.000,,gate chatter
56:46.97,56:47.31,3406.97,3407.31,0.34,-41.3,0.91,0.066,491,gate chatter
56:47.50,56:47.65,3407.50,3407.65,0.15,-47.6,0.74,0.033,283,gate chatter
56:48.28,56:48.36,3408.28,3408.36,0.08,-49.0,0.92,0.000,,gate chatter
56:48.50,56:48.80,3408.50,3408.80,0.30,-27.3,0.91,0.041,342,gate chatter
56:49.50,56:49.84,3409.50,3409.84,0.34,-38.7,0.75,0.033,441,gate chatter
56:49.95,56:50.00,3409.95,3410.00,0.05,-60.9,0.95,0.000,,gate chatter
56:50.21,56:52.07,3410.21,3412.07,1.86,-32.7,0.95,0.048,206,sustained low level under reference
56:52.71,56:52.80,3412.71,3412.80,0.09,-41.3,0.89,0.000,,gate chatter
56:53.12,56:53.82,3413.12,3413.82,0.70,-33.2,0.86,0.042,583,"quiet, reference talking"
56:54.24,56:54.27,3414.24,3414.27,0.03,-59.1,0.97,0.000,,gate chatter
56:54.38,56:54.88,3414.38,3414.88,0.50,-47.2,0.98,0.035,274,gate chatter
59:03.72,59:03.92,3543.72,3543.92,0.20,-41.6,0.88,0.063,443,gate chatter
59:04.07,59:04.67,3544.07,3544.67,0.60,-34.7,0.96,0.062,698,gate chatter
59:04.85,59:04.88,3544.85,3544.88,0.03,-59.3,0.97,0.000,,gate chatter
59:05.12,59:05.85,3545.12,3545.85,0.73,-42.8,0.86,0.059,576,"quiet, reference talking"
59:06.12,59:06.19,3546.12,3546.19,0.07,-45.0,0.90,0.000,,gate chatter
59:06.65,59:07.11,3546.65,3547.11,0.46,-29.5,0.93,0.099,333,gate chatter
59:07.26,59:07.41,3547.26,3547.41,0.15,-57.6,1.00,0.052,237,gate chatter
59:07.62,59:07.97,3547.62,3547.97,0.35,-45.8,1.00,0.034,117,gate chatter
59:08.43,59:09.04,3548.43,3549.04,0.61,-24.9,0.95,0.053,180,"quiet, reference talking"
59:16.78,59:22.07,3556.78,3562.07,5.29,-29.4,0.87,0.014,624,sustained low level under reference
59:22.22,59:25.13,3562.22,3565.13,2.91,-32.0,0.83,0.058,460,sustained low level under reference
59:25.24,59:25.33,3565.24,3565.33,0.09,-69.0,0.81,0.000,,gate chatter
59:25.52,59:25.62,3565.52,3565.62,0.10,-64.5,0.83,0.059,460,gate chatter
59:25.86,59:26.91,3565.86,3566.91,1.05,-32.9,0.81,0.009,322,"quiet, reference talking"
59:27.15,59:28.02,3567.15,3568.02,0.87,-38.3,0.96,0.062,26,"quiet, reference talking"
59:28.13,59:28.25,3568.13,3568.25,0.12,-59.0,1.00,0.120,367,gate chatter
59:28.42,59:29.00,3568.42,3569.00,0.58,-44.2,1.00,0.068,1,gate chatter
59:29.22,59:30.74,3569.22,3570.74,1.52,-19.2,0.95,0.021,191,sustained low level under reference
59:30.85,59:32.73,3570.85,3572.73,1.88,-36.5,0.92,0.041,244,sustained low level under reference
59:32.89,59:33.65,3572.89,3573.65,0.76,-49.7,0.98,0.043,295,"quiet, reference talking"
60:01.85,60:03.05,3601.85,3603.05,1.20,-38.8,0.82,0.036,140,"quiet, reference talking"
60:03.21,60:03.22,3603.21,3603.22,0.01,-81.8,0.57,0.000,,gate chatter
60:03.71,60:04.50,3603.71,3604.50,0.79,-40.8,0.99,0.032,185,"quiet, reference talking"
60:04.62,60:05.69,3604.62,3605.69,1.07,-36.3,0.93,0.021,112,"quiet, reference talking"
60:05.82,60:06.35,3605.82,3606.35,0.53,-46.3,0.94,0.025,86,gate chatter
60:07.05,60:07.31,3607.05,3607.31,0.26,-12.0,1.00,0.070,408,next to bleed cluster
60:07.47,60:07.59,3607.47,3607.59,0.12,-52.5,1.00,0.146,602,gate chatter
60:07.75,60:08.07,3607.75,3608.07,0.32,-6.9,0.97,0.062,600,next to bleed cluster
60:08.20,60:08.22,3608.20,3608.22,0.02,-74.8,0.93,0.000,,gate chatter
60:08.37,60:08.56,3608.37,3608.56,0.19,-42.4,0.88,0.036,344,gate chatter
60:08.79,60:09.13,3608.79,3609.13,0.34,-42.7,0.94,0.036,196,gate chatter
60:09.52,60:09.81,3609.52,3609.81,0.29,-50.4,0.95,0.097,291,gate chatter
60:10.46,60:11.40,3610.46,3611.40,0.94,-39.1,0.99,0.033,178,"quiet, reference talking"
60:11.76,60:12.09,3611.76,3612.09,0.33,-34.8,0.97,0.041,693,gate chatter
60:12.25,60:12.35,3612.25,3612.35,0.10,-65.2,0.95,0.144,421,gate chatter
60:12.64,60:13.04,3612.64,3613.04,0.40,-32.9,1.00,0.042,103,gate chatter
60:13.21,60:13.25,3613.21,3613.25,0.04,-59.7,0.95,0.000,,gate chatter
60:13.39,60:14.11,3613.39,3614.11,0.72,-19.4,0.96,0.078,538,sustained low level under reference
60:14.40,60:14.57,3614.40,3614.57,0.17,-31.0,0.93,0.023,71,gate chatter
60:14.72,60:15.15,3614.72,3615.15,0.43,-43.1,0.89,0.057,680,gate chatter
60:15.29,60:15.36,3615.29,3615.36,0.07,-57.2,1.00,0.000,,gate chatter
60:25.90,60:26.34,3625.90,3626.34,0.44,-36.1,0.93,0.075,172,gate chatter
60:27.07,60:27.09,3627.07,3627.09,0.02,-57.0,0.56,0.000,,gate chatter
60:27.46,60:27.62,3627.46,3627.62,0.16,-41.4,0.83,0.054,521,gate chatter
60:28.09,60:28.42,3628.09,3628.42,0.33,-41.2,0.97,0.026,373,gate chatter
60:28.77,60:28.81,3628.77,3628.81,0.04,-75.0,1.00,0.000,,gate chatter
60:29.00,60:31.56,3629.00,3631.56,2.56,-32.0,0.93,0.021,52,sustained low level under reference
60:42.45,60:43.51,3642.45,3643.51,1.06,-28.4,0.98,0.144,146,"quiet, reference talking"
60:43.65,60:44.29,3643.65,3644.29,0.64,-38.9,0.87,0.028,104,"quiet, reference talking"
60:44.83,60:45.00,3644.83,3645.00,0.17,-70.8,1.00,0.058,210,gate chatter
60:45.15,60:45.16,3645.15,3645.16,0.01,-76.8,1.00,0.000,,gate chatter
60:46.41,60:47.42,3646.41,3647.42,1.01,-35.6,0.98,0.024,156,"quiet, reference talking"
60:47.71,60:47.74,3647.71,3647.74,0.03,-68.3,0.98,0.000,,gate chatter
60:53.23,60:53.33,3653.23,3653.33,0.10,-47.4,0.88,0.060,316,gate chatter
60:53.56,60:53.68,3653.56,3653.68,0.12,-55.2,0.85,0.078,549,gate chatter
60:54.49,60:54.83,3654.49,3654.83,0.34,-42.8,0.88,0.060,385,gate chatter
60:54.95,60:55.53,3654.95,3655.53,0.58,-31.9,1.00,0.066,97,gate chatter
60:55.85,60:55.95,3655.85,3655.95,0.10,-51.7,1.00,0.040,413,gate chatter
60:56.32,60:56.46,3656.32,3656.46,0.14,-35.4,0.91,0.013,0,gate chatter
60:57.28,60:57.68,3657.28,3657.68,0.40,-26.8,0.98,0.025,49,gate chatter
60:57.94,60:58.04,3657.94,3658.04,0.10,-45.6,0.97,0.041,226,gate chatter
60:58.58,60:59.09,3658.58,3659.09,0.51,-34.9,1.00,0.040,568,gate chatter
63:14.98,63:15.10,3794.98,3795.10,0.12,-63.4,1.00,0.026,99,gate chatter
63:15.34,63:15.50,3795.34,3795.50,0.16,-22.7,1.00,0.041,296,gate chatter
63:20.47,63:20.56,3800.47,3800.56,0.09,-75.1,0.92,0.000,,gate chatter
63:20.87,63:22.34,3800.87,3802.34,1.47,-37.3,0.97,0.023,117,sustained low level under reference
63:22.47,63:23.19,3802.47,3803.19,0.72,-37.9,0.93,0.015,616,"quiet, reference talking"
63:25.27,63:25.45,3805.27,3805.45,0.18,-56.4,0.59,0.038,672,gate chatter
63:25.62,63:26.07,3805.62,3806.07,0.45,-42.8,0.93,0.051,335,gate chatter
63:26.21,63:26.42,3806.21,3806.42,0.21,-42.9,0.93,0.030,604,gate chatter
63:26.54,63:27.05,3806.54,3807.05,0.51,-42.5,0.89,0.036,265,gate chatter
63:27.50,63:28.76,3807.50,3808.76,1.26,-32.7,0.64,0.031,12,next to bleed cluster
63:28.97,63:29.04,3808.97,3809.04,0.07,-49.6,1.00,0.000,,gate chatter
63:33.06,63:34.20,3813.06,3814.20,1.14,-42.3,0.93,0.018,199,"quiet, reference talking"
63:34.59,63:35.57,3814.59,3815.57,0.98,-34.1,0.98,0.018,78,"quiet, reference talking"
63:35.74,63:35.96,3815.74,3815.96,0.22,-50.2,1.00,0.046,76,gate chatter
63:36.20,63:36.26,3816.20,3816.26,0.06,-70.5,0.95,0.000,,gate chatter
63:36.38,63:37.23,3816.38,3817.23,0.85,-23.3,0.98,0.018,555,"quiet, reference talking"
63:37.67,63:37.75,3817.67,3817.75,0.08,-61.7,0.84,0.000,,gate chatter
63:37.94,63:38.15,3817.94,3818.15,0.21,-56.2,0.89,0.081,157,gate chatter
63:38.36,63:38.74,3818.36,3818.74,0.38,-37.6,0.97,0.019,3,gate chatter
63:38.96,63:39.35,3818.96,3819.35,0.39,-49.8,1.00,0.094,339,gate chatter
63:39.82,63:39.95,3819.82,3819.95,0.13,-49.8,1.00,0.102,5,gate chatter
63:40.26,63:40.52,3820.26,3820.52,0.26,-42.4,1.00,0.045,586,gate chatter
63:40.88,63:41.15,3820.88,3821.15,0.27,-45.1,0.93,0.030,535,gate chatter
63:41.39,63:41.70,3821.39,3821.70,0.31,-31.9,0.97,0.141,676,gate chatter
63:41.87,63:42.99,3821.87,3822.99,1.12,-29.2,0.98,0.046,655,"quiet, reference talking"
63:59.11,63:59.12,3839.11,3839.12,0.01,-80.9,1.00,0.000,,gate chatter
63:59.29,63:59.30,3839.29,3839.30,0.01,-82.8,1.00,0.000,,gate chatter
63:59.61,64:00.04,3839.61,3840.04,0.43,-49.7,0.99,0.046,258,gate chatter
64:00.20,64:00.23,3840.20,3840.23,0.03,-74.9,1.00,0.000,,gate chatter
64:00.53,64:00.57,3840.53,3840.57,0.04,-54.8,1.00,0.000,,gate chatter
64:00.86,64:02.23,3840.86,3842.23,1.37,-25.7,0.94,0.110,533,sustained low level under reference
64:31.54,64:31.56,3871.54,3871.56,0.02,-68.4,0.75,0.000,,gate chatter
64:31.73,64:32.00,3871.73,3872.00,0.27,-37.9,0.99,0.031,289,gate chatter
64:32.14,64:32.68,3872.14,3872.68,0.54,-36.8,0.96,0.028,66,gate chatter
64:32.79,64:33.03,3872.79,3873.03,0.24,-27.2,0.92,0.019,114,gate chatter
64:33.21,64:34.35,3873.21,3874.35,1.14,-40.8,0.92,0.012,536,"quiet, reference talking"
64:34.49,64:34.73,3874.49,3874.73,0.24,-49.1,0.72,0.024,396,gate chatter
64:34.89,64:34.90,3874.89,3874.90,0.01,-71.3,0.75,0.000,,gate chatter
64:35.09,64:35.35,3875.09,3875.35,0.26,-44.2,0.89,0.021,464,gate chatter
64:35.49,64:35.56,3875.49,3875.56,0.07,-53.7,1.00,0.000,,gate chatter
64:35.99,64:36.12,3875.99,3876.12,0.13,-35.8,0.97,0.018,25,gate chatter
64:36.27,64:36.34,3876.27,3876.34,0.07,-51.2,1.00,0.000,,gate chatter
64:37.21,64:37.30,3877.21,3877.30,0.09,-31.7,0.89,0.000,,gate chatter
64:37.64,64:37.66,3877.64,3877.66,0.02,-75.7,0.84,0.000,,gate chatter
64:37.87,64:37.97,3877.87,3877.97,0.10,-38.6,0.80,0.036,104,gate chatter
64:38.73,64:38.79,3878.73,3878.79,0.06,-59.5,1.00,0.000,,gate chatter
64:39.85,64:39.92,3879.85,3879.92,0.07,-55.3,1.00,0.000,,gate chatter
64:40.31,64:40.58,3880.31,3880.58,0.27,-31.5,1.00,0.043,543,gate chatter
64:40.73,64:41.19,3880.73,3881.19,0.46,-32.5,1.00,0.103,160,gate chatter
64:41.36,64:41.51,3881.36,3881.51,0.15,-52.9,1.00,0.039,32,gate chatter
64:41.75,64:42.16,3881.75,3882.16,0.41,-33.5,0.96,0.047,145,gate chatter
64:42.34,64:42.69,3882.34,3882.69,0.35,-46.1,0.64,0.073,41,gate chatter
64:42.83,64:42.88,3882.83,3882.88,0.05,-70.3,0.58,0.000,,gate chatter
64:43.16,64:43.17,3883.16,3883.17,0.01,-66.3,1.00,0.000,,gate chatter
64:43.44,64:44.97,3883.44,3884.97,1.53,-38.7,0.98,0.031,165,sustained low level under reference
64:45.33,64:45.35,3885.33,3885.35,0.02,-61.7,0.98,0.000,,gate chatter
64:45.50,64:45.68,3885.50,3885.68,0.18,-46.4,0.99,0.092,354,gate chatter
64:45.90,64:46.50,3885.90,3886.50,0.60,-37.0,1.00,0.018,20,gate chatter
64:46.61,64:46.76,3886.61,3886.76,0.15,-60.5,1.00,0.067,105,gate chatter
64:47.01,64:47.04,3887.01,3887.04,0.03,-75.8,0.98,0.000,,gate chatter
64:47.15,64:47.26,3887.15,3887.26,0.11,-35.5,0.98,0.027,566,gate chatter
64:47.67,64:48.17,3887.67,3888.17,0.50,-39.6,0.90,0.100,384,gate chatter
64:48.50,64:48.62,3888.50,3888.62,0.12,-37.5,0.93,0.018,173,gate chatter
64:48.98,64:49.02,3888.98,3889.02,0.04,-60.5,1.00,0.000,,gate chatter
64:49.25,64:49.33,3889.25,3889.33,0.08,-45.9,1.00,0.000,,gate chatter
64:49.69,64:50.55,3889.69,3890.55,0.86,-33.1,1.00,0.042,43,"quiet, reference talking"
64:51.26,64:51.59,3891.26,3891.59,0.33,-42.0,1.00,0.048,527,gate chatter
64:51.78,64:51.87,3891.78,3891.87,0.09,-63.5,1.00,0.000,,gate chatter
64:52.01,64:52.65,3892.01,3892.65,0.64,-32.9,0.95,0.023,430,"quiet, reference talking"
64:52.78,64:53.03,3892.78,3893.03,0.25,-29.3,0.95,0.028,189,gate chatter
64:53.16,64:53.60,3893.16,3893.60,0.44,-42.1,1.00,0.023,276,gate chatter
64:53.73,64:54.32,3893.73,3894.32,0.59,-47.6,0.96,0.047,624,gate chatter
64:54.49,64:54.56,3894.49,3894.56,0.07,-36.3,0.92,0.000,,gate chatter
64:54.94,64:55.81,3894.94,3895.81,0.87,-35.2,0.97,0.076,211,"quiet, reference talking"
64:56.60,64:57.21,3896.60,3897.21,0.61,-31.4,0.93,0.020,98,"quiet, reference talking"
64:57.48,64:57.80,3897.48,3897.80,0.32,-40.6,0.99,0.051,19,gate chatter
64:58.41,64:59.89,3898.41,3899.89,1.48,-33.3,0.85,0.024,35,sustained low level under reference
65:00.02,65:00.46,3900.02,3900.46,0.44,-36.3,0.99,0.039,370,gate chatter
65:04.82,65:05.91,3904.82,3905.91,1.09,-32.1,0.49,0.074,258,"quiet, reference talking"
65:33.52,65:33.79,3933.52,3933.79,0.27,-40.2,0.95,0.030,309,gate chatter
65:33.90,65:34.10,3933.90,3934.10,0.20,-60.0,0.95,0.043,545,gate chatter
65:34.30,65:34.35,3934.30,3934.35,0.05,-47.2,1.00,0.000,,gate chatter
65:34.87,65:35.96,3934.87,3935.96,1.09,-34.3,0.90,0.053,18,"quiet, reference talking"
65:36.25,65:36.26,3936.25,3936.26,0.01,-73.5,0.82,0.000,,gate chatter
65:36.78,65:36.91,3936.78,3936.91,0.13,-40.3,1.00,0.023,99,gate chatter
65:37.34,65:37.41,3937.34,3937.41,0.07,-56.3,0.95,0.000,,gate chatter
65:37.67,65:37.88,3937.67,3937.88,0.21,-31.1,0.99,0.057,149,gate chatter
65:38.00,65:38.14,3938.00,3938.14,0.14,-50.6,1.00,0.066,437,gate chatter
65:38.51,65:38.76,3938.51,3938.76,0.25,-34.2,1.00,0.037,77,gate chatter
65:38.87,65:38.89,3938.87,3938.89,0.02,-70.8,1.00,0.000,,gate chatter
65:39.06,65:39.26,3939.06,3939.26,0.20,-41.4,1.00,0.029,431,gate chatter
66:09.60,66:09.76,3969.60,3969.76,0.16,-65.0,1.00,0.064,316,gate chatter
71:06.45,71:06.54,4266.45,4266.54,0.09,-52.4,0.48,0.000,,gate chatter
71:08.22,71:08.46,4268.22,4268.46,0.24,-40.6,0.99,0.065,255,gate chatter
71:08.69,71:08.73,4268.69,4268.73,0.04,-66.0,1.00,0.000,,gate chatter
71:09.02,71:09.05,4269.02,4269.05,0.03,-60.2,0.93,0.000,,gate chatter
71:09.55,71:09.85,4269.55,4269.85,0.30,-47.1,0.92,0.052,53,gate chatter
71:10.29,71:10.39,4270.29,4270.39,0.10,-55.0,0.98,0.080,424,gate chatter
71:10.54,71:10.97,4270.54,4270.97,0.43,-42.3,1.00,0.035,374,gate chatter
71:11.15,71:11.17,4271.15,4271.17,0.02,-65.6,0.88,0.000,,gate chatter
71:17.77,71:17.80,4277.77,4277.80,0.03,-64.1,1.00,0.000,,gate chatter
73:01.45,73:01.86,4381.45,4381.86,0.41,-24.9,0.94,0.200,107,gate chatter
73:09.16,73:09.41,4389.16,4389.41,0.25,-55.0,1.00,0.029,115,gate chatter
73:09.96,73:10.07,4389.96,4390.07,0.11,-69.8,0.76,0.102,3,gate chatter
73:11.60,73:11.75,4391.60,4391.75,0.15,-65.8,1.00,0.024,469,gate chatter
73:12.23,73:12.33,4392.23,4392.33,0.10,-74.4,0.95,0.046,420,gate chatter
73:13.22,73:13.31,4393.22,4393.31,0.09,-59.6,1.00,0.000,,gate chatter
73:13.60,73:14.00,4393.60,4394.00,0.40,-59.1,1.00,0.036,41,gate chatter
74:06.39,74:06.62,4446.39,4446.62,0.23,-59.3,1.00,0.029,108,gate chatter
74:07.11,74:07.21,4447.11,4447.21,0.10,-53.9,0.69,0.062,159,gate chatter
74:07.38,74:07.92,4447.38,4447.92,0.54,-46.4,0.82,0.031,417,gate chatter
74:08.03,74:08.31,4448.03,4448.31,0.28,-35.5,0.98,0.055,451,gate chatter
74:08.47,74:08.51,4448.47,4448.51,0.04,-73.5,0.97,0.000,,gate chatter
74:08.94,74:09.12,4448.94,4449.12,0.18,-49.8,1.00,0.095,682,gate chatter
74:09.24,74:09.86,4449.24,4449.86,0.62,-44.0,1.00,0.030,263,"quiet, reference talking"
74:09.98,74:10.20,4449.98,4450.20,0.22,-32.1,1.00,0.066,698,gate chatter
74:11.31,74:11.80,4451.31,4451.80,0.49,-35.6,0.96,0.028,653,gate chatter
74:11.92,74:12.26,4451.92,4452.26,0.34,-31.7,1.00,0.027,454,gate chatter
74:28.40,74:28.61,4468.40,4468.61,0.21,-43.0,1.00,0.025,607,gate chatter
74:28.88,74:28.99,4468.88,4468.99,0.11,-41.1,1.00,0.017,372,gate chatter
74:29.10,74:29.23,4469.10,4469.23,0.13,-57.5,1.00,0.027,313,gate chatter
74:29.97,74:30.02,4469.97,4470.02,0.05,-60.8,1.00,0.000,,gate chatter
74:30.33,74:30.38,4470.33,4470.38,0.05,-42.1,0.97,0.000,,gate chatter
74:30.85,74:30.94,4470.85,4470.94,0.09,-47.7,0.95,0.000,,gate chatter
74:31.08,74:31.14,4471.08,4471.14,0.06,-58.4,1.00,0.000,,gate chatter
74:31.85,74:31.89,4471.85,4471.89,0.04,-60.9,0.92,0.000,,gate chatter
74:32.05,74:32.46,4472.05,4472.46,0.41,-33.5,0.95,0.069,431,gate chatter
74:32.68,74:33.05,4472.68,4473.05,0.37,-29.9,1.00,0.020,386,gate chatter
74:33.21,74:33.67,4473.21,4473.67,0.46,-28.2,0.96,0.012,129,gate chatter
74:33.87,74:34.71,4473.87,4474.71,0.84,-39.1,0.97,0.012,13,"quiet, reference talking"
74:34.91,74:34.97,4474.91,4474.97,0.06,-46.4,0.97,0.000,,gate chatter
74:35.18,74:35.33,4475.18,4475.33,0.15,-59.1,0.90,0.053,557,gate chatter
74:35.64,74:35.72,4475.64,4475.72,0.08,-63.9,0.92,0.000,,gate chatter
74:35.87,74:36.13,4475.87,4476.13,0.26,-51.3,0.91,0.111,663,gate chatter
74:36.32,74:36.75,4476.32,4476.75,0.43,-39.6,0.98,0.037,145,gate chatter
74:37.65,74:37.92,4477.65,4477.92,0.27,-35.0,0.95,0.036,504,gate chatter
74:38.03,74:38.13,4478.03,4478.13,0.10,-49.0,0.97,0.047,520,gate chatter
74:38.25,74:38.82,4478.25,4478.82,0.57,-30.4,0.91,0.010,86,gate chatter
74:38.99,74:39.14,4478.99,4479.14,0.15,-34.8,0.80,0.026,395,gate chatter
74:39.85,74:39.91,4479.85,4479.91,0.06,-68.1,0.66,0.000,,gate chatter
74:40.24,74:40.53,4480.24,4480.53,0.29,-43.0,0.82,0.024,267,gate chatter
74:41.39,74:41.49,4481.39,4481.49,0.10,-44.9,0.92,0.030,119,gate chatter
74:42.04,74:42.34,4482.04,4482.34,0.30,-42.6,1.00,0.029,377,gate chatter
74:43.05,74:43.06,4483.05,4483.06,0.01,-76.8,1.00,0.000,,gate chatter
76:08.31,76:08.44,4568.31,4568.44,0.13,-54.6,1.00,0.043,495,gate chatter
79:08.74,79:08.84,4748.74,4748.84,0.10,-54.0,1.00,0.077,468,gate chatter
79:09.16,79:09.22,4749.16,4749.22,0.06,-61.0,1.00,0.000,,gate chatter
79:09.45,79:10.57,4749.45,4750.57,1.12,-32.0,0.99,0.075,44,"quiet, reference talking"
79:10.86,79:10.92,4750.86,4750.92,0.06,-66.4,0.98,0.000,,gate chatter
79:11.06,79:11.09,4751.06,4751.09,0.03,-65.7,0.90,0.000,,gate chatter
79:11.30,79:11.41,4751.30,4751.41,0.11,-44.6,0.70,0.042,32,gate chatter
79:11.68,79:11.70,4751.68,4751.70,0.02,-52.8,0.67,0.000,,gate chatter
79:12.20,79:12.21,4752.20,4752.21,0.01,-61.3,1.00,0.000,,gate chatter
79:12.57,79:12.63,4752.57,4752.63,0.06,-47.4,0.89,0.000,,gate chatter
79:12.77,79:12.91,4752.77,4752.91,0.14,-48.3,0.90,0.035,660,gate chatter
79:13.05,79:13.12,4753.05,4753.12,0.07,-52.5,0.87,0.000,,gate chatter
79:13.63,79:13.73,4753.63,4753.73,0.10,-51.6,0.88,0.076,456,gate chatter
79:14.37,79:14.56,4754.37,4754.56,0.19,-43.5,0.86,0.149,386,gate chatter
82:24.44,82:25.20,4944.44,4945.20,0.76,-11.9,0.59,0.057,675,next to bleed cluster
82:25.87,82:25.91,4945.87,4945.91,0.04,-81.2,0.95,0.000,,gate chatter
82:26.26,82:26.50,4946.26,4946.50,0.24,-13.5,0.99,0.097,107,next to bleed cluster
82:27.15,82:27.21,4947.15,4947.21,0.06,-81.7,0.89,0.000,,gate chatter
82:27.39,82:27.40,4947.39,4947.40,0.01,-84.2,0.54,0.000,,gate chatter
82:27.58,82:27.70,4947.58,4947.70,0.12,-82.5,0.58,0.070,661,gate chatter
82:28.05,82:28.81,4948.05,4948.81,0.76,-8.6,0.62,0.087,116,next to bleed cluster
82:39.40,82:39.67,4959.40,4959.67,0.27,-51.7,1.00,0.036,356,gate chatter
82:40.27,82:40.58,4960.27,4960.58,0.31,-50.0,0.87,0.048,269,gate chatter
82:40.69,82:40.80,4960.69,4960.80,0.11,-45.3,0.89,0.040,141,gate chatter
82:41.36,82:41.58,4961.36,4961.58,0.22,-53.0,0.75,0.064,582,gate chatter
82:42.54,82:43.18,4962.54,4963.18,0.64,-39.4,1.00,0.060,54,"quiet, reference talking"
82:43.98,82:44.19,4963.98,4964.19,0.21,-45.2,0.92,0.039,324,gate chatter
82:44.53,82:44.54,4964.53,4964.54,0.01,-73.0,0.96,0.000,,gate chatter
82:44.72,82:44.86,4964.72,4964.86,0.14,-50.7,0.96,0.060,146,gate chatter
82:45.12,82:45.14,4965.12,4965.14,0.02,-65.6,0.95,0.000,,gate chatter
82:45.72,82:45.78,4965.72,4965.78,0.06,-60.0,1.00,0.000,,gate chatter
82:45.95,82:45.97,4965.95,4965.97,0.02,-62.8,0.95,0.000,,gate chatter
82:46.11,82:46.21,4966.11,4966.21,0.10,-64.1,0.95,0.088,47,gate chatter
84:24.35,84:24.42,5064.35,5064.42,0.07,-77.7,0.94,0.000,,gate chatter
84:24.66,84:26.00,5064.66,5066.00,1.34,-40.9,0.89,0.018,557,sustained low level under reference
84:26.12,84:26.88,5066.12,5066.88,0.76,-25.0,0.99,0.094,392,"quiet, reference talking"
84:26.99,84:30.48,5066.99,5070.48,3.49,-40.3,0.95,0.021,46,sustained low level under reference
84:30.81,84:31.11,5070.81,5071.11,0.30,-79.9,1.00,0.039,113,gate chatter
84:31.28,84:31.52,5071.28,5071.52,0.24,-57.8,1.00,0.065,579,gate chatter
84:31.64,84:31.65,5071.64,5071.65,0.01,-82.6,1.00,0.000,,gate chatter
84:32.05,84:32.15,5072.05,5072.15,0.10,-77.0,0.83,0.055,7,gate chatter
84:32.54,84:32.63,5072.54,5072.63,0.09,-75.1,0.95,0.000,,gate chatter
84:32.78,84:33.11,5072.78,5073.11,0.33,-65.3,0.98,0.080,135,gate chatter
84:33.24,84:33.34,5073.24,5073.34,0.10,-69.7,0.97,0.083,588,gate chatter
84:33.76,84:33.82,5073.76,5073.82,0.06,-76.9,1.00,0.000,,gate chatter
84:33.98,84:34.06,5073.98,5074.06,0.08,-78.4,0.78,0.000,,gate chatter
84:34.21,84:34.30,5074.21,5074.30,0.09,-73.4,0.58,0.000,,gate chatter
84:34.42,84:34.54,5074.42,5074.54,0.12,-51.3,0.67,0.005,668,gate chatter
84:34.73,84:34.79,5074.73,5074.79,0.06,-70.7,0.98,0.000,,gate chatter
84:35.34,84:35.35,5075.34,5075.35,0.01,-82.9,1.00,0.000,,gate chatter
84:35.75,84:35.79,5075.75,5075.79,0.04,-79.1,0.83,0.000,,gate chatter
84:35.90,84:36.35,5075.90,5076.35,0.45,-67.8,0.90,0.042,659,gate chatter
84:36.59,84:36.67,5076.59,5076.67,0.08,-76.7,1.00,0.000,,gate chatter
84:37.18,84:37.59,5077.18,5077.59,0.41,-69.1,0.95,0.028,5,gate chatter
84:37.96,84:38.35,5077.96,5078.35,0.39,-56.6,1.00,0.065,103,gate chatter
84:38.46,84:38.68,5078.46,5078.68,0.22,-58.3,1.00,0.026,186,gate chatter
84:38.89,84:38.98,5078.89,5078.98,0.09,-67.0,0.92,0.000,,gate chatter
84:39.32,84:39.43,5079.32,5079.43,0.11,-71.2,0.83,0.040,12,gate chatter
84:39.91,84:39.96,5079.91,5079.96,0.05,-78.3,0.98,0.000,,gate chatter
84:40.43,84:40.77,5080.43,5080.77,0.34,-58.9,0.97,0.026,52,gate chatter
84:41.01,84:41.13,5081.01,5081.13,0.12,-67.1,0.96,0.048,315,gate chatter
84:41.25,84:41.43,5081.25,5081.43,0.18,-73.2,1.00,0.037,95,gate chatter
84:48.36,84:48.40,5088.36,5088.40,0.04,-77.5,0.90,0.000,,gate chatter
84:48.69,84:48.90,5088.69,5088.90,0.21,-53.5,1.00,0.068,176,gate chatter
85:02.33,85:02.39,5102.33,5102.39,0.06,-70.9,0.93,0.000,,gate chatter
85:02.52,85:02.57,5102.52,5102.57,0.05,-71.5,0.93,0.000,,gate chatter
85:14.43,85:14.86,5114.43,5114.86,0.43,-20.4,0.94,0.114,480,gate chatter
85:14.99,85:15.08,5114.99,5115.08,0.09,-51.3,1.00,0.000,,gate chatter
85:21.71,85:22.37,5121.71,5122.37,0.66,-21.9,0.93,0.082,189,sustained low level under reference
85:26.47,85:26.52,5126.47,5126.52,0.05,-44.1,0.93,0.000,,gate chatter
85:30.61,85:30.76,5130.61,5130.76,0.15,-29.0,0.00,0.000,,next to bleed cluster
85:31.04,85:31.39,5131.04,5131.39,0.35,-50.6,0.34,0.048,678,next to bleed cluster
85:31.53,85:31.73,5131.53,5131.73,0.20,-39.4,0.73,0.040,442,gate chatter
85:31.84,85:32.26,5131.84,5132.26,0.42,-56.4,0.75,0.040,523,gate chatter
85:32.47,85:32.48,5132.47,5132.48,0.01,-73.0,0.61,0.000,,gate chatter
85:32.72,85:32.81,5132.72,5132.81,0.09,-54.6,0.77,0.000,,gate chatter
85:32.96,85:33.11,5132.96,5133.11,0.15,-51.9,0.91,0.048,171,gate chatter
85:33.39,85:33.43,5133.39,5133.43,0.04,-53.2,0.98,0.000,,gate chatter
85:33.60,85:33.65,5133.60,5133.65,0.05,-52.5,0.98,0.000,,gate chatter
85:34.23,85:34.40,5134.23,5134.40,0.17,-40.4,0.92,0.114,474,gate chatter
85:34.51,85:34.73,5134.51,5134.73,0.22,-44.2,0.96,0.074,305,gate chatter
85:35.08,85:35.16,5135.08,5135.16,0.08,-47.5,0.89,0.000,,gate chatter
85:35.43,85:35.49,5135.43,5135.49,0.06,-58.9,0.95,0.000,,gate chatter
85:35.67,85:35.69,5135.67,5135.69,0.02,-67.3,0.95,0.000,,gate chatter
85:35.81,85:36.22,5135.81,5136.22,0.41,-50.0,0.99,0.024,334,gate chatter
85:36.35,85:36.41,5136.35,5136.41,0.06,-58.2,1.00,0.000,,gate chatter
85:36.59,85:36.68,5136.59,5136.68,0.09,-48.7,1.00,0.000,,gate chatter
85:36.79,85:37.08,5136.79,5137.08,0.29,-40.0,0.99,0.034,142,gate chatter
85:37.43,85:37.57,5137.43,5137.57,0.14,-48.7,0.74,0.050,18,gate chatter
85:37.73,85:37.83,5137.73,5137.83,0.10,-47.2,0.71,0.114,467,gate chatter
85:37.95,85:38.08,5137.95,5138.08,0.13,-49.4,0.78,0.076,683,gate chatter
85:38.24,85:38.31,5138.24,5138.31,0.07,-40.4,0.95,0.000,,gate chatter
85:38.44,85:38.49,5138.44,5138.49,0.05,-59.3,0.97,0.000,,gate chatter
85:38.86,85:38.91,5138.86,5138.91,0.05,-55.8,1.00,0.000,,gate chatter
85:39.12,85:39.21,5139.12,5139.21,0.09,-43.1,1.00,0.000,,gate chatter
85:39.36,85:39.46,5139.36,5139.46,0.10,-54.9,1.00,0.059,683,gate chatter
85:39.61,85:39.66,5139.61,5139.66,0.05,-58.9,1.00,0.000,,gate chatter
85:39.77,85:39.78,5139.77,5139.78,0.01,-78.6,0.96,0.000,,gate chatter
85:40.30,85:40.35,5140.30,5140.35,0.05,-47.1,0.73,0.000,,gate chatter
85:41.08,85:41.14,5141.08,5141.14,0.06,-49.3,1.00,0.000,,gate chatter
85:41.43,85:42.00,5141.43,5142.00,0.57,-25.3,0.93,0.012,263,gate chatter
85:42.12,85:42.29,5142.12,5142.29,0.17,-51.5,0.85,0.150,613,gate chatter
85:42.48,85:42.58,5142.48,5142.58,0.10,-41.8,0.89,0.118,408,gate chatter
85:42.70,85:42.76,5142.70,5142.76,0.06,-51.5,0.97,0.000,,gate chatter
85:42.95,85:43.24,5142.95,5143.24,0.29,-55.7,0.98,0.056,244,gate chatter
85:43.38,85:43.55,5143.38,5143.55,0.17,-41.0,0.94,0.044,458,gate chatter
85:44.21,85:44.79,5144.21,5144.79,0.58,-44.9,0.98,0.031,135,gate chatter
85:44.91,85:44.95,5144.91,5144.95,0.04,-61.2,0.97,0.000,,gate chatter
86:07.36,86:07.44,5167.36,5167.44,0.08,-32.9,0.97,0.000,,gate chatter
86:07.57,86:08.02,5167.57,5168.02,0.45,-11.5,0.62,0.134,439,next to bleed cluster
87:55.29,87:55.39,5275.29,5275.39,0.10,-64.9,0.97,0.025,8,gate chatter
87:56.52,87:56.80,5276.52,5276.80,0.28,-72.0,0.96,0.039,226,gate chatter
87:57.18,87:57.33,5277.18,5277.33,0.15,-35.7,0.96,0.031,47,gate chatter
87:57.45,87:57.56,5277.45,5277.56,0.11,-43.3,1.00,0.051,261,gate chatter
87:57.79,87:57.87,5277.79,5277.87,0.08,-46.2,1.00,0.000,,gate chatter
87:57.98,87:58.02,5277.98,5278.02,0.04,-50.2,1.00,0.000,,gate chatter
87:58.57,87:58.61,5278.57,5278.61,0.04,-57.6,1.00,0.000,,gate chatter
87:58.93,87:59.10,5278.93,5279.10,0.17,-50.6,1.00,0.057,96,gate chatter
87:59.87,87:59.89,5279.87,5279.89,0.02,-73.6,0.96,0.000,,gate chatter
88:00.16,88:00.22,5280.16,5280.22,0.06,-40.3,1.00,0.000,,gate chatter
88:00.71,88:00.76,5280.71,5280.76,0.05,-59.4,1.00,0.000,,gate chatter
88:01.12,88:01.15,5281.12,5281.15,0.03,-63.9,1.00,0.000,,gate chatter
88:01.57,88:02.54,5281.57,5282.54,0.97,-34.5,1.00,0.032,443,"quiet, reference talking"
88:02.68,88:02.93,5282.68,5282.93,0.25,-28.7,0.94,0.019,163,gate chatter
88:03.13,88:03.67,5283.13,5283.67,0.54,-38.3,0.90,0.131,144,gate chatter
88:03.99,88:04.00,5283.99,5284.00,0.01,-68.4,0.91,0.000,,gate chatter
88:04.52,88:04.54,5284.52,5284.54,0.02,-61.1,0.95,0.000,,gate chatter
88:04.68,88:05.07,5284.68,5285.07,0.39,-29.4,1.00,0.027,475,gate chatter
88:05.26,88:05.38,5285.26,5285.38,0.12,-48.1,0.99,0.076,424,gate chatter
88:05.70,88:05.78,5285.70,5285.78,0.08,-42.5,0.94,0.000,,gate chatter
88:05.95,88:05.98,5285.95,5285.98,0.03,-67.8,0.86,0.000,,gate chatter
88:06.10,88:06.16,5286.10,5286.16,0.06,-64.4,0.77,0.000,,gate chatter
88:06.63,88:06.73,5286.63,5286.73,0.10,-31.6,0.91,0.033,185,gate chatter
88:06.96,88:07.01,5286.96,5287.01,0.05,-49.1,1.00,0.000,,gate chatter
88:07.21,88:07.26,5287.21,5287.26,0.05,-47.3,0.98,0.000,,gate chatter
88:07.76,88:07.93,5287.76,5287.93,0.17,-44.1,0.81,0.074,208,gate chatter
88:08.07,88:08.27,5288.07,5288.27,0.20,-35.5,0.79,0.053,474,gate chatter
88:08.69,88:09.15,5288.69,5289.15,0.46,-55.7,0.99,0.044,609,gate chatter
88:09.47,88:09.52,5289.47,5289.52,0.05,-56.5,0.95,0.000,,gate chatter
88:15.91,88:16.07,5295.91,5296.07,0.16,-50.5,0.92,0.102,581,gate chatter
88:17.32,88:17.54,5297.32,5297.54,0.22,-38.4,0.94,0.020,215,gate chatter
88:22.95,88:23.09,5302.95,5303.09,0.14,-40.1,0.94,0.056,157,gate chatter
88:23.82,88:23.86,5303.82,5303.86,0.04,-71.2,0.92,0.000,,gate chatter
88:24.05,88:24.32,5304.05,5304.32,0.27,-41.3,1.00,0.013,552,gate chatter
88:24.46,88:24.53,5304.46,5304.53,0.07,-53.3,1.00,0.000,,gate chatter
88:26.04,88:26.30,5306.04,5306.30,0.26,-36.2,0.99,0.032,42,gate chatter
88:26.43,88:26.88,5306.43,5306.88,0.45,-32.5,1.00,0.022,172,gate chatter
88:26.99,88:27.41,5306.99,5307.41,0.42,-54.7,1.00,0.047,201,gate chatter
88:27.54,88:27.90,5307.54,5307.90,0.36,-33.5,0.98,0.021,570,gate chatter
88:28.23,88:28.63,5308.23,5308.63,0.40,-33.4,0.92,0.038,170,gate chatter
88:28.81,88:28.82,5308.81,5308.82,0.01,-72.7,0.89,0.000,,gate chatter
88:29.86,88:30.21,5309.86,5310.21,0.35,-38.6,0.99,0.256,444,gate chatter
88:31.24,88:31.43,5311.24,5311.43,0.19,-54.8,1.00,0.095,150,gate chatter
88:32.94,88:33.45,5312.94,5313.45,0.51,-28.4,0.92,0.041,199,gate chatter
88:34.13,88:34.46,5314.13,5314.46,0.33,-57.2,0.58,0.070,2,gate chatter
88:34.68,88:34.69,5314.68,5314.69,0.01,-62.1,0.61,0.000,,gate chatter
89:37.05,89:37.15,5377.05,5377.15,0.10,-29.2,0.95,0.086,480,gate chatter
89:37.78,89:38.23,5377.78,5378.23,0.45,-15.9,0.97,0.081,616,next to bleed cluster
89:43.44,89:43.70,5383.44,5383.70,0.26,-42.8,0.72,0.036,6,gate chatter
89:43.89,89:43.94,5383.89,5383.94,0.05,-56.8,0.73,0.000,,gate chatter
90:00.60,90:00.87,5400.60,5400.87,0.27,-33.4,1.00,0.033,336,gate chatter
90:01.10,90:01.28,5401.10,5401.28,0.18,-48.7,0.97,0.105,496,gate chatter
90:01.57,90:01.60,5401.57,5401.60,0.03,-64.3,0.97,0.000,,gate chatter
90:01.72,90:01.73,5401.72,5401.73,0.01,-67.9,0.96,0.000,,gate chatter
90:01.84,90:02.13,5401.84,5402.13,0.29,-40.6,0.98,0.039,25,gate chatter
90:02.44,90:02.46,5402.44,5402.46,0.02,-66.2,1.00,0.000,,gate chatter
90:03.57,90:03.63,5403.57,5403.63,0.06,-59.9,0.97,0.000,,gate chatter
90:04.44,90:04.93,5404.44,5404.93,0.49,-38.7,0.68,0.027,460,gate chatter
90:33.03,90:33.54,5433.03,5433.54,0.51,-10.7,0.73,0.165,555,waveform matches reference (ncc 0.17)
91:29.45,91:29.53,5489.45,5489.53,0.08,-62.6,1.00,0.000,,gate chatter
91:29.81,91:29.85,5489.81,5489.85,0.04,-63.3,1.00,0.000,,gate chatter
91:30.34,91:30.69,5490.34,5490.69,0.35,-40.3,1.00,0.029,345,gate chatter
91:30.80,91:31.09,5490.80,5491.09,0.29,-46.8,1.00,0.042,38,gate chatter
91:31.40,91:31.41,5491.40,5491.41,0.01,-68.9,0.96,0.000,,gate chatter
91:31.78,91:32.38,5491.78,5492.38,0.60,-33.3,0.97,0.035,693,gate chatter
91:32.60,91:32.90,5492.60,5492.90,0.30,-35.6,0.95,0.103,333,gate chatter
91:33.04,91:33.17,5493.04,5493.17,0.13,-63.2,0.99,0.068,299,gate chatter
91:34.46,91:34.47,5494.46,5494.47,0.01,-68.9,0.73,0.000,,gate chatter
91:34.65,91:34.85,5494.65,5494.85,0.20,-51.7,1.00,0.044,88,gate chatter
91:35.53,91:36.03,5495.53,5496.03,0.50,-24.2,1.00,0.131,1,gate chatter
91:36.14,91:36.35,5496.14,5496.35,0.21,-50.4,0.96,0.033,485,gate chatter
91:37.47,91:37.57,5497.47,5497.57,0.10,-40.3,0.85,0.041,581,gate chatter
91:38.06,91:38.26,5498.06,5498.26,0.20,-46.2,1.00,0.110,145,gate chatter
91:38.50,91:38.60,5498.50,5498.60,0.10,-65.0,1.00,0.072,415,gate chatter
91:38.97,91:39.24,5498.97,5499.24,0.27,-51.4,0.94,0.050,66,gate chatter
91:39.89,91:40.03,5499.89,5500.03,0.14,-46.3,0.94,0.049,425,gate chatter
91:40.44,91:40.61,5500.44,5500.61,0.17,-47.7,0.90,0.036,467,gate chatter
91:40.74,91:40.82,5500.74,5500.82,0.08,-30.7,1.00,0.000,,gate chatter
91:41.43,91:41.51,5501.43,5501.51,0.08,-40.2,1.00,0.000,,gate chatter
91:41.66,91:41.78,5501.66,5501.78,0.12,-41.0,0.90,0.050,194,gate chatter
91:42.19,91:42.52,5502.19,5502.52,0.33,-29.5,0.93,0.196,502,gate chatter
91:43.63,91:43.89,5503.63,5503.89,0.26,-40.2,0.64,0.050,365,gate chatter
91:44.00,91:44.31,5504.00,5504.31,0.31,-47.1,0.97,0.081,424,gate chatter
91:44.60,91:44.69,5504.60,5504.69,0.09,-47.4,0.95,0.000,,gate chatter
91:44.88,91:44.90,5504.88,5504.90,0.02,-64.0,1.00,0.000,,gate chatter
91:45.45,91:45.50,5505.45,5505.50,0.05,-55.4,1.00,0.000,,gate chatter
91:45.73,91:45.77,5505.73,5505.77,0.04,-65.1,1.00,0.000,,gate chatter
92:49.73,92:49.75,5569.73,5569.75,0.02,-64.1,1.00,0.000,,gate chatter
92:49.93,92:49.94,5569.93,5569.94,0.01,-60.6,0.96,0.000,,gate chatter
92:50.06,92:50.45,5570.06,5570.45,0.39,-45.9,0.93,0.107,491,gate chatter
92:50.63,92:50.72,5570.63,5570.72,0.09,-42.7,0.89,0.000,,gate chatter
93:00.18,93:00.24,5580.18,5580.24,0.06,-63.7,0.93,0.000,,gate chatter
93:00.54,93:00.57,5580.54,5580.57,0.03,-58.8,0.93,0.000,,gate chatter
93:00.80,93:01.09,5580.80,5581.09,0.29,-44.4,0.79,0.051,681,gate chatter
93:01.21,93:01.43,5581.21,5581.43,0.22,-55.0,0.77,0.056,360,gate chatter
93:01.57,93:01.73,5581.57,5581.73,0.16,-62.8,0.86,0.085,111,gate chatter
93:01.85,93:02.03,5581.85,5582.03,0.18,-46.4,0.92,0.054,141,gate chatter
93:02.17,93:02.57,5582.17,5582.57,0.40,-41.3,0.84,0.044,119,gate chatter
93:02.99,93:03.23,5582.99,5583.23,0.24,-36.5,0.77,0.037,267,gate chatter
93:03.37,93:03.58,5583.37,5583.58,0.21,-37.1,0.97,0.063,464,gate chatter
93:03.86,93:03.96,5583.86,5583.96,0.10,-37.9,0.94,0.048,186,gate chatter
93:04.24,93:04.60,5584.24,5584.60,0.36,-33.4,0.88,0.066,425,gate chatter
93:04.87,93:05.11,5584.87,5585.11,0.24,-46.7,0.91,0.057,426,gate chatter
93:05.22,93:05.27,5585.22,5585.27,0.05,-48.5,1.00,0.000,,gate chatter
93:05.47,93:05.65,5585.47,5585.65,0.18,-45.1,1.00,0.047,42,gate chatter
93:05.78,93:05.92,5585.78,5585.92,0.14,-51.6,1.00,0.038,223,gate chatter
93:06.11,93:06.27,5586.11,5586.27,0.16,-46.1,0.96,0.034,128,gate chatter
93:06.78,93:06.97,5586.78,5586.97,0.19,-62.9,0.76,0.086,551,gate chatter
93:07.51,93:07.95,5587.51,5587.95,0.44,-42.0,0.91,0.043,459,gate chatter
93:08.50,94:07.02,5588.50,5647.02,58.52,-19.8,0.92,0.010,415,sustained low level under reference
94:12.23,94:12.41,5652.23,5652.41,0.18,-45.8,0.84,0.060,209,gate chatter
94:12.67,94:12.85,5652.67,5652.85,0.18,-42.5,0.59,0.029,547,gate chatter
94:13.47,94:13.89,5653.47,5653.89,0.42,-39.5,0.98,0.039,223,gate chatter
94:14.25,94:14.89,5654.25,5654.89,0.64,-34.9,1.00,0.091,557,"quiet, reference talking"
94:15.14,94:15.16,5655.14,5655.16,0.02,-69.2,0.98,0.000,,gate chatter
94:15.65,94:15.68,5655.65,5655.68,0.03,-61.5,0.88,0.000,,gate chatter
94:15.82,94:15.85,5655.82,5655.85,0.03,-59.7,0.95,0.000,,gate chatter
94:15.96,94:16.08,5655.96,5656.08,0.12,-41.0,0.96,0.061,558,gate chatter
94:16.22,94:16.26,5656.22,5656.26,0.04,-68.3,0.95,0.000,,gate chatter
94:16.37,94:16.43,5656.37,5656.43,0.06,-56.4,0.97,0.000,,gate chatter
94:17.31,94:17.65,5657.31,5657.65,0.34,-46.3,1.00,0.103,160,gate chatter
94:17.87,94:17.88,5657.87,5657.88,0.01,-65.2,0.95,0.000,,gate chatter
94:18.03,94:18.17,5658.03,5658.17,0.14,-48.4,0.88,0.055,186,gate chatter
94:18.40,94:18.41,5658.40,5658.41,0.01,-63.1,0.48,0.000,,gate chatter
94:18.59,94:18.64,5658.59,5658.64,0.05,-72.2,0.43,0.000,,gate chatter
94:18.80,94:19.01,5658.80,5659.01,0.21,-56.5,0.67,0.050,412,gate chatter
94:19.41,94:19.65,5659.41,5659.65,0.24,-37.1,0.86,0.040,643,gate chatter
94:19.84,94:19.92,5659.84,5659.92,0.08,-55.2,0.94,0.000,,gate chatter
94:20.14,94:20.21,5660.14,5660.21,0.07,-56.6,1.00,0.000,,gate chatter
94:20.38,94:20.43,5660.38,5660.43,0.05,-62.0,0.98,0.000,,gate chatter
94:20.71,94:20.90,5660.71,5660.90,0.19,-30.8,0.95,0.084,343,gate chatter
94:21.37,94:21.48,5661.37,5661.48,0.11,-37.8,1.00,0.030,121,gate chatter
94:22.16,94:22.29,5662.16,5662.29,0.13,-42.6,0.99,0.034,570,gate chatter
94:22.43,94:22.62,5662.43,5662.62,0.19,-55.9,0.99,0.051,329,gate chatter
94:22.94,94:23.05,5662.94,5663.05,0.11,-40.3,1.00,0.030,442,gate chatter
94:23.16,94:23.28,5663.16,5663.28,0.12,-26.1,1.00,0.007,671,gate chatter
94:24.30,94:24.42,5664.30,5664.42,0.12,-42.7,0.85,0.040,624,gate chatter
94:24.76,94:25.02,5664.76,5665.02,0.26,-50.3,0.99,0.077,0,gate chatter
94:25.15,94:25.34,5665.15,5665.34,0.19,-64.0,0.99,0.079,118,gate chatter
94:25.50,94:25.71,5665.50,5665.71,0.21,-42.9,0.93,0.045,50,gate chatter
94:26.47,94:27.11,5666.47,5667.11,0.64,-33.9,0.97,0.131,595,"quiet, reference talking"
94:27.28,94:27.40,5667.28,5667.40,0.12,-58.1,0.97,0.033,246,gate chatter
94:27.63,94:27.79,5667.63,5667.79,0.16,-51.7,0.89,0.036,268,gate chatter
94:28.70,94:28.83,5668.70,5668.83,0.13,-68.9,1.00,0.056,54,gate chatter
94:29.62,94:29.63,5669.62,5669.63,0.01,-84.0,0.93,0.000,,gate chatter
95:14.27,95:14.38,5714.27,5714.38,0.11,-37.8,0.94,0.129,355,gate chatter
95:14.49,95:14.83,5714.49,5714.83,0.34,-44.4,0.91,0.149,610,gate chatter
95:15.67,95:16.09,5715.67,5716.09,0.42,-33.4,0.99,0.070,37,gate chatter
95:22.95,95:23.55,5722.95,5723.55,0.60,-41.0,0.94,0.107,33,gate chatter
95:23.80,95:23.88,5723.80,5723.88,0.08,-54.6,0.79,0.000,,gate chatter
95:24.51,95:24.77,5724.51,5724.77,0.26,-43.2,0.75,0.051,424,gate chatter
95:25.08,95:25.13,5725.08,5725.13,0.05,-68.9,1.00,0.000,,gate chatter
95:25.25,95:26.52,5725.25,5726.52,1.27,-38.2,0.99,0.044,163,sustained low level under reference
95:26.86,95:26.88,5726.86,5726.88,0.02,-70.1,1.00,0.000,,gate chatter
95:27.04,95:27.57,5727.04,5727.57,0.53,-37.3,0.98,0.077,434,gate chatter
95:28.28,95:29.16,5728.28,5729.16,0.88,-26.3,0.87,0.093,278,"quiet, reference talking"
95:29.63,95:29.71,5729.63,5729.71,0.08,-48.6,0.86,0.000,,gate chatter
95:29.85,95:30.13,5729.85,5730.13,0.28,-43.3,0.59,0.107,670,gate chatter
95:30.91,95:31.01,5730.91,5731.01,0.10,-64.4,0.98,0.116,452,gate chatter
95:31.12,95:31.42,5731.12,5731.42,0.30,-54.1,1.00,0.217,196,gate chatter
95:31.54,95:31.84,5731.54,5731.84,0.30,-45.2,0.87,0.071,475,gate chatter
95:31.95,95:31.97,5731.95,5731.97,0.02,-67.4,0.79,0.000,,gate chatter
95:32.28,95:32.75,5732.28,5732.75,0.47,-32.8,0.90,0.074,337,gate chatter
95:33.15,95:33.27,5733.15,5733.27,0.12,-41.8,0.93,0.040,503,gate chatter
95:34.19,95:34.89,5734.19,5734.89,0.70,-29.0,0.90,0.098,647,"quiet, reference talking"
95:35.06,95:35.18,5735.06,5735.18,0.12,-62.5,0.79,0.054,233,gate chatter
95:35.41,95:36.16,5735.41,5736.16,0.75,-26.1,0.70,0.124,655,"quiet, reference talking"
95:36.31,95:36.41,5736.31,5736.41,0.10,-37.9,1.00,0.040,447,gate chatter
95:36.60,95:36.61,5736.60,5736.61,0.01,-81.2,1.00,0.000,,gate chatter
95:36.72,95:36.77,5736.72,5736.77,0.05,-67.6,0.73,0.000,,gate chatter
95:37.45,95:37.49,5737.45,5737.49,0.04,-56.9,0.71,0.000,,gate chatter
95:37.80,95:37.92,5737.80,5737.92,0.12,-38.3,0.94,0.066,502,gate chatter
95:38.19,95:38.27,5738.19,5738.27,0.08,-69.9,1.00,0.000,,gate chatter
95:38.50,95:38.59,5738.50,5738.59,0.09,-32.5,1.00,0.000,,gate chatter
96:00.37,96:01.71,5760.37,5761.71,1.34,-34.9,0.88,0.059,321,sustained low level under reference
96:02.26,96:03.23,5762.26,5763.23,0.97,-43.0,0.98,0.102,100,"quiet, reference talking"
98:47.98,98:48.03,5927.98,5928.03,0.05,-62.1,1.00,0.000,,gate chatter
98:48.49,98:48.61,5928.49,5928.61,0.12,-46.3,0.90,0.059,60,gate chatter
98:49.33,98:49.40,5929.33,5929.40,0.07,-53.3,1.00,0.000,,gate chatter
98:49.58,98:49.72,5929.58,5929.72,0.14,-43.1,0.99,0.034,127,gate chatter
98:49.85,98:49.89,5929.85,5929.89,0.04,-62.4,0.98,0.000,,gate chatter
98:55.77,98:56.28,5935.77,5936.28,0.51,-30.3,0.92,0.047,433,gate chatter
98:56.39,98:56.47,5936.39,5936.47,0.08,-68.0,1.00,0.000,,gate chatter
98:56.74,98:56.82,5936.74,5936.82,0.08,-49.6,1.00,0.000,,gate chatter
98:57.26,98:57.37,5937.26,5937.37,0.11,-42.6,0.98,0.028,178,gate chatter
98:57.64,98:58.07,5937.64,5938.07,0.43,-42.8,0.99,0.030,246,gate chatter
98:58.29,98:58.33,5938.29,5938.33,0.04,-63.5,1.00,0.000,,gate chatter
98:58.46,98:58.51,5938.46,5938.51,0.05,-61.1,1.00,0.000,,gate chatter
98:58.65,98:58.66,5938.65,5938.66,0.01,-61.9,0.98,0.000,,gate chatter
98:58.90,98:59.14,5938.90,5939.14,0.24,-74.4,0.99,0.103,405,gate chatter
99:14.55,99:15.41,5954.55,5955.41,0.86,-16.4,0.93,0.113,687,sustained low level under reference
99:15.52,99:15.99,5955.52,5955.99,0.47,-28.4,0.78,0.012,154,gate chatter
99:16.97,99:17.04,5956.97,5957.04,0.07,-41.9,1.00,0.000,,gate chatter
99:20.51,99:20.66,5960.51,5960.66,0.15,-34.7,1.00,0.144,24,gate chatter
99:21.00,99:21.03,5961.00,5961.03,0.03,-62.8,1.00,0.000,,gate chatter
99:21.48,99:21.57,5961.48,5961.57,0.09,-30.5,0.95,0.000,,gate chatter
99:21.73,99:21.82,5961.73,5961.82,0.09,-44.4,0.95,0.000,,gate chatter
99:23.20,99:23.29,5963.20,5963.29,0.09,-36.5,1.00,0.000,,gate chatter
99:23.47,99:23.53,5963.47,5963.53,0.06,-63.7,1.00,0.000,,gate chatter
99:24.17,99:25.38,5964.17,5965.38,1.21,-31.8,0.99,0.144,188,sustained low level under reference
99:25.55,99:26.53,5965.55,5966.53,0.98,-33.8,0.97,0.075,209,"quiet, reference talking"
99:27.44,99:27.48,5967.44,5967.48,0.04,-57.9,0.92,0.000,,gate chatter
99:27.78,99:27.83,5967.78,5967.83,0.05,-46.0,0.85,0.000,,gate chatter
99:28.38,99:28.45,5968.38,5968.45,0.07,-59.8,1.00,0.000,,gate chatter
99:28.71,99:29.01,5968.71,5969.01,0.30,-28.7,0.91,0.018,655,gate chatter
99:36.51,99:36.68,5976.51,5976.68,0.17,-38.8,1.00,0.060,631,gate chatter
99:36.81,99:37.47,5976.81,5977.47,0.66,-35.1,0.98,0.097,394,"quiet, reference talking"
99:37.94,99:38.13,5977.94,5978.13,0.19,-54.2,0.97,0.110,283,gate chatter
99:39.19,99:39.28,5979.19,5979.28,0.09,-35.2,0.84,0.000,,gate chatter
99:39.43,99:39.48,5979.43,5979.48,0.05,-63.6,0.77,0.000,,gate chatter
99:41.45,99:41.54,5981.45,5981.54,0.09,-49.2,1.00,0.000,,gate chatter
99:41.68,99:41.75,5981.68,5981.75,0.07,-47.8,0.97,0.000,,gate chatter
99:42.40,99:42.49,5982.40,5982.49,0.09,-36.2,1.00,0.000,,gate chatter
99:42.70,99:42.84,5982.70,5982.84,0.14,-29.7,1.00,0.036,404,gate chatter
99:43.14,99:43.15,5983.14,5983.15,0.01,-77.2,1.00,0.000,,gate chatter
99:44.06,99:44.17,5984.06,5984.17,0.11,-36.0,0.83,0.048,70,gate chatter
99:45.26,99:45.66,5985.26,5985.66,0.40,-34.2,0.95,0.031,37,gate chatter
99:56.44,99:56.52,5996.44,5996.52,0.08,-46.5,0.94,0.000,,gate chatter
99:56.74,99:56.79,5996.74,5996.79,0.05,-58.8,1.00,0.000,,gate chatter
99:56.98,99:57.07,5996.98,5997.07,0.09,-50.3,1.00,0.000,,gate chatter
99:57.54,99:57.84,5997.54,5997.84,0.30,-34.6,1.00,0.058,309,gate chatter
99:58.47,99:58.73,5998.47,5998.73,0.26,-36.2,0.99,0.025,209,gate chatter
99:58.92,99:58.95,5998.92,5998.95,0.03,-62.0,1.00,0.000,,gate chatter
99:59.10,99:59.91,5999.10,5999.91,0.81,-18.9,0.99,0.070,304,next to bleed cluster
100:00.09,100:00.15,6000.09,6000.15,0.06,-60.9,1.00,0.000,,gate chatter
100:00.26,100:00.85,6000.26,6000.85,0.59,-32.5,0.53,0.049,8,gate chatter
100:01.10,100:01.12,6001.10,6001.12,0.02,-66.7,0.65,0.000,,gate chatter
100:01.81,100:02.19,6001.81,6002.19,0.38,-38.8,1.00,0.019,7,gate chatter
100:07.14,100:07.48,6007.14,6007.48,0.34,-50.1,0.98,0.026,120,gate chatter
100:07.73,100:07.78,6007.73,6007.78,0.05,-65.4,0.95,0.000,,gate chatter
100:07.89,100:07.97,6007.89,6007.97,0.08,-57.8,0.95,0.000,,gate chatter
100:08.11,100:08.99,6008.11,6008.99,0.88,-41.9,0.96,0.021,467,"quiet, reference talking"
100:09.12,100:09.84,6009.12,6009.84,0.72,-43.6,0.91,0.017,426,"quiet, reference talking"
100:09.95,100:10.01,6009.95,6010.01,0.06,-60.8,0.72,0.000,,gate chatter
100:12.06,100:12.13,6012.06,6012.13,0.07,-50.4,0.66,0.000,,gate chatter
100:12.29,100:12.46,6012.29,6012.46,0.17,-48.5,0.99,0.041,14,gate chatter
100:12.88,100:13.07,6012.88,6013.07,0.19,-51.1,1.00,0.051,23,gate chatter
100:13.19,100:13.71,6013.19,6013.71,0.52,-34.8,0.98,0.017,87,gate chatter
100:13.84,100:15.27,6013.84,6015.27,1.43,-33.9,0.93,0.057,355,sustained low level under reference
100:15.38,100:15.45,6015.38,6015.45,0.07,-56.9,0.82,0.000,,gate chatter
100:35.60,100:35.65,6035.60,6035.65,0.05,-77.9,1.00,0.000,,gate chatter
100:35.79,100:36.10,6035.79,6036.10,0.31,-36.4,0.85,0.024,346,gate chatter
100:36.22,100:36.30,6036.22,6036.30,0.08,-51.6,0.79,0.000,,gate chatter
100:37.63,100:38.05,6037.63,6038.05,0.42,-43.4,0.90,0.068,532,gate chatter
100:38.19,100:38.24,6038.19,6038.24,0.05,-65.8,0.93,0.000,,gate chatter
100:38.39,100:38.60,6038.39,6038.60,0.21,-51.8,0.92,0.034,482,gate chatter
100:38.90,100:39.10,6038.90,6039.10,0.20,-47.9,0.81,0.037,3,gate chatter
100:39.24,100:39.57,6039.24,6039.57,0.33,-29.8,0.86,0.043,343,gate chatter
100:39.69,100:39.74,6039.69,6039.74,0.05,-71.0,1.00,0.000,,gate chatter
100:39.85,100:39.97,6039.85,6039.97,0.12,-47.8,0.97,0.069,226,gate chatter
100:40.13,100:41.03,6040.13,6041.03,0.90,-37.0,0.90,0.012,161,"quiet, reference talking"
100:41.16,100:41.65,6041.16,6041.65,0.49,-49.8,0.83,0.037,199,gate chatter
100:41.81,100:41.87,6041.81,6041.87,0.06,-71.7,1.00,0.000,,gate chatter
100:42.07,100:42.90,6042.07,6042.90,0.83,-29.5,0.96,0.010,284,"quiet, reference talking"
100:43.05,100:43.06,6043.05,6043.06,0.01,-79.6,0.89,0.000,,gate chatter
103:07.66,103:07.90,6187.66,6187.90,0.24,-51.5,0.99,0.050,281,gate chatter
103:08.47,103:08.50,6188.47,6188.50,0.03,-66.4,1.00,0.000,,gate chatter
103:08.91,103:09.29,6188.91,6189.29,0.38,-44.8,0.95,0.094,279,gate chatter
103:09.48,103:09.65,6189.48,6189.65,0.17,-39.8,1.00,0.096,373,gate chatter
103:09.84,103:10.59,6189.84,6190.59,0.75,-38.5,0.97,0.022,176,"quiet, reference talking"
103:10.82,103:11.68,6190.82,6191.68,0.86,-40.9,0.99,0.015,590,"quiet, reference talking"
103:11.91,103:12.20,6191.91,6192.20,0.29,-50.0,0.69,0.022,134,gate chatter
103:18.83,103:18.84,6198.83,6198.84,0.01,-75.8,1.00,0.000,,gate chatter
103:18.99,103:19.05,6198.99,6199.05,0.06,-44.3,1.00,0.000,,gate chatter
103:19.19,103:19.30,6199.19,6199.30,0.11,-43.6,0.98,0.059,695,gate chatter
103:19.56,103:19.90,6199.56,6199.90,0.34,-51.5,0.99,0.050,407,gate chatter
103:20.05,103:20.17,6200.05,6200.17,0.12,-54.1,0.97,0.087,626,gate chatter
103:20.68,103:20.78,6200.68,6200.78,0.10,-46.8,1.00,0.031,3,gate chatter
103:21.91,103:22.03,6201.91,6202.03,0.12,-30.7,1.00,0.069,275,gate chatter
103:22.17,103:22.42,6202.17,6202.42,0.25,-40.8,1.00,0.127,650,gate chatter
103:22.58,103:22.62,6202.58,6202.62,0.04,-63.0,0.88,0.000,,gate chatter
103:23.32,103:23.44,6203.32,6203.44,0.12,-34.5,0.70,0.190,344,gate chatter
103:23.66,103:23.89,6203.66,6203.89,0.23,-28.9,0.87,0.020,118,gate chatter
105:10.69,105:11.00,6310.69,6311.00,0.31,-10.9,0.98,0.084,247,next to bleed cluster
105:11.15,105:11.43,6311.15,6311.43,0.28,-9.8,0.75,0.206,434,waveform matches reference (ncc 0.21)
105:24.75,105:24.82,6324.75,6324.82,0.07,-46.5,0.45,0.000,,gate chatter
105:47.95,105:48.22,6347.95,6348.22,0.27,-12.9,0.94,0.122,325,next to bleed cluster
105:49.22,105:49.38,6349.22,6349.38,0.16,-22.5,0.85,0.049,207,gate chatter
106:35.38,106:35.70,6395.38,6395.70,0.32,-44.6,1.00,0.025,89,gate chatter
106:36.10,106:36.37,6396.10,6396.37,0.27,-37.2,0.96,0.123,528,gate chatter
106:36.64,106:36.67,6396.64,6396.67,0.03,-69.2,0.86,0.000,,gate chatter
106:37.17,106:37.33,6397.17,6397.33,0.16,-35.9,0.96,0.022,238,gate chatter
106:38.38,106:38.77,6398.38,6398.77,0.39,-41.5,0.99,0.024,14,gate chatter
106:38.90,106:39.06,6398.90,6399.06,0.16,-49.8,0.99,0.073,465,gate chatter
106:39.32,106:39.50,6399.32,6399.50,0.18,-52.9,1.00,0.094,451,gate chatter
106:39.69,106:39.71,6399.69,6399.71,0.02,-78.5,0.95,0.000,,gate chatter
106:39.94,106:40.16,6399.94,6400.16,0.22,-41.4,0.88,0.065,516,gate chatter
106:40.27,106:40.33,6400.27,6400.33,0.06,-40.3,0.90,0.000,,gate chatter
106:40.51,106:40.58,6400.51,6400.58,0.07,-56.7,1.00,0.000,,gate chatter
106:40.75,106:40.86,6400.75,6400.86,0.11,-50.4,1.00,0.030,562,gate chatter
106:41.40,106:41.47,6401.40,6401.47,0.07,-57.9,1.00,0.000,,gate chatter
106:41.91,106:42.24,6401.91,6402.24,0.33,-38.5,1.00,0.140,390,gate chatter
106:42.36,106:42.62,6402.36,6402.62,0.26,-45.7,0.96,0.019,11,gate chatter
106:43.01,106:43.22,6403.01,6403.22,0.21,-48.9,0.67,0.065,688,gate chatter
106:43.38,106:43.46,6403.38,6403.46,0.08,-53.0,0.68,0.000,,gate chatter
106:43.59,106:43.67,6403.59,6403.67,0.08,-60.7,1.00,0.000,,gate chatter
106:45.55,106:45.56,6405.55,6405.56,0.01,-64.9,0.93,0.000,,gate chatter
106:45.71,106:45.73,6405.71,6405.73,0.02,-59.5,0.96,0.000,,gate chatter
108:53.15,108:53.76,6533.15,6533.76,0.61,-13.3,1.00,0.037,651,next to bleed cluster
108:54.34,108:54.37,6534.34,6534.37,0.03,-73.7,0.86,0.000,,gate chatter
108:54.55,108:54.61,6534.55,6534.61,0.06,-72.5,0.87,0.000,,gate chatter
108:58.18,108:58.47,6538.18,6538.47,0.29,-40.0,1.00,0.051,56,gate chatter
111:45.52,111:45.96,6705.52,6705.96,0.44,-27.7,0.97,0.056,451,gate chatter
111:46.54,111:46.80,6706.54,6706.80,0.26,-16.4,0.96,0.081,643,next to bleed cluster
112:01.82,112:02.09,6721.82,6722.09,0.27,-22.3,0.98,0.191,323,gate chatter
113:18.41,113:18.47,6798.41,6798.47,0.06,-60.6,0.92,0.000,,gate chatter
113:18.68,113:18.77,6798.68,6798.77,0.09,-45.5,0.97,0.000,,gate chatter
113:19.13,113:19.25,6799.13,6799.25,0.12,-69.2,0.96,0.047,685,gate chatter
113:19.54,113:19.77,6799.54,6799.77,0.23,-58.2,0.95,0.051,526,gate chatter
113:20.00,113:20.40,6800.00,6800.40,0.40,-46.2,0.99,0.059,625,gate chatter
113:20.75,113:21.42,6800.75,6801.42,0.67,-25.6,0.98,0.087,217,"quiet, reference talking"
113:36.63,113:36.66,6816.63,6816.66,0.03,-65.4,0.98,0.000,,gate chatter
113:36.77,113:36.78,6816.77,6816.78,0.01,-69.1,0.98,0.000,,gate chatter
113:37.23,113:37.26,6817.23,6817.26,0.03,-57.8,1.00,0.000,,gate chatter
113:37.82,113:37.91,6817.82,6817.91,0.09,-50.1,1.00,0.000,,gate chatter
113:38.84,113:39.55,6818.84,6819.55,0.71,-29.1,1.00,0.030,596,"quiet, reference talking"
113:39.69,113:39.76,6819.69,6819.76,0.07,-48.5,1.00,0.000,,gate chatter
113:40.36,113:40.45,6820.36,6820.45,0.09,-47.7,0.92,0.000,,gate chatter
113:40.64,113:40.76,6820.64,6820.76,0.12,-45.4,0.91,0.060,43,gate chatter
113:40.94,113:41.04,6820.94,6821.04,0.10,-45.5,0.91,0.037,190,gate chatter
113:41.31,113:41.35,6821.31,6821.35,0.04,-49.1,1.00,0.000,,gate chatter
113:41.61,113:42.18,6821.61,6822.18,0.57,-23.5,0.97,0.050,247,gate chatter
113:42.29,113:42.51,6822.29,6822.51,0.22,-63.7,0.91,0.075,389,gate chatter
113:42.63,113:42.66,6822.63,6822.66,0.03,-64.6,0.91,0.000,,gate chatter
113:42.82,113:42.84,6822.82,6822.84,0.02,-63.0,0.77,0.000,,gate chatter
113:43.04,113:43.05,6823.04,6823.05,0.01,-62.8,0.70,0.000,,gate chatter
113:43.16,113:43.38,6823.16,6823.38,0.22,-63.5,0.78,0.116,536,gate chatter
113:43.50,113:43.52,6823.50,6823.52,0.02,-66.5,0.84,0.000,,gate chatter
113:43.63,113:43.81,6823.63,6823.81,0.18,-67.8,0.99,0.087,98,gate chatter
113:44.02,113:44.05,6824.02,6824.05,0.03,-62.7,1.00,0.000,,gate chatter
113:44.45,113:44.46,6824.45,6824.46,0.01,-74.3,1.00,0.000,,gate chatter
113:44.63,113:44.70,6824.63,6824.70,0.07,-65.1,1.00,0.000,,gate chatter
113:44.85,113:44.89,6824.85,6824.89,0.04,-64.0,1.00,0.000,,gate chatter
113:45.10,113:45.21,6825.10,6825.21,0.11,-63.0,1.00,0.103,92,gate chatter
113:45.36,113:45.59,6825.36,6825.59,0.23,-64.9,1.00,0.071,561,gate chatter
113:45.81,113:45.88,6825.81,6825.88,0.07,-81.5,1.00,0.000,,gate chatter
113:46.01,113:46.50,6826.01,6826.50,0.49,-9.6,0.71,0.106,169,next to bleed cluster
113:46.63,113:47.08,6826.63,6827.08,0.45,-10.6,0.12,0.000,,next to bleed cluster
114:26.17,114:26.32,6866.17,6866.32,0.15,-57.2,1.00,0.054,699,gate chatter
114:31.25,114:31.32,6871.25,6871.32,0.07,-69.9,1.00,0.000,,gate chatter
114:31.78,114:31.84,6871.78,6871.84,0.06,-78.5,1.00,0.000,,gate chatter
114:32.22,114:32.31,6872.22,6872.31,0.09,-76.0,1.00,0.000,,gate chatter
114:32.42,114:32.45,6872.42,6872.45,0.03,-77.8,1.00,0.000,,gate chatter
114:32.89,114:33.02,6872.89,6873.02,0.13,-75.9,0.96,0.046,9,gate chatter
114:34.35,114:34.49,6874.35,6874.49,0.14,-64.1,1.00,0.026,656,gate chatter
114:34.79,114:34.87,6874.79,6874.87,0.08,-67.5,1.00,0.000,,gate chatter
114:34.98,114:35.09,6874.98,6875.09,0.11,-76.8,1.00,0.062,657,gate chatter
114:35.20,114:35.36,6875.20,6875.36,0.16,-68.4,1.00,0.095,521,gate chatter
114:36.31,114:36.39,6876.31,6876.39,0.08,-78.4,0.92,0.000,,gate chatter
114:36.78,114:36.81,6876.78,6876.81,0.03,-77.8,0.98,0.000,,gate chatter
114:37.97,114:37.98,6877.97,6877.98,0.01,-84.6,0.79,0.000,,gate chatter
114:38.20,114:38.50,6878.20,6878.50,0.30,-65.2,1.00,0.056,611,gate chatter
114:38.87,114:38.91,6878.87,6878.91,0.04,-80.4,1.00,0.000,,gate chatter
114:39.11,114:39.14,6879.11,6879.14,0.03,-79.2,1.00,0.000,,gate chatter
114:39.78,114:40.02,6879.78,6880.02,0.24,-59.0,0.92,0.061,166,gate chatter
115:16.15,115:16.40,6916.15,6916.40,0.25,-21.7,0.91,0.091,391,gate chatter
115:51.00,115:51.21,6951.00,6951.21,0.21,-54.2,0.99,0.026,429,gate chatter
115:52.46,115:52.73,6952.46,6952.73,0.27,-60.2,1.00,0.054,662,gate chatter
115:52.88,115:52.90,6952.88,6952.90,0.02,-83.8,1.00,0.000,,gate chatter
115:53.89,115:53.99,6953.89,6953.99,0.10,-58.9,0.97,0.049,289,gate chatter
115:55.07,115:55.96,6955.07,6955.96,0.89,-27.0,0.98,0.067,286,"quiet, reference talking"
116:52.20,116:52.21,7012.20,7012.21,0.01,-84.4,0.48,0.000,,gate chatter
117:08.03,117:08.36,7028.03,7028.36,0.33,-22.3,1.00,0.069,443,gate chatter
117:20.15,117:20.38,7040.15,7040.38,0.23,-20.9,0.99,0.096,477,gate chatter
117:41.39,117:41.60,7061.39,7061.60,0.21,-63.3,1.00,0.024,127,gate chatter
117:41.76,117:41.80,7061.76,7061.80,0.04,-83.2,0.98,0.000,,gate chatter
118:08.37,118:08.55,7088.37,7088.55,0.18,-80.2,0.67,0.115,51,gate chatter
118:08.69,118:08.72,7088.69,7088.72,0.03,-79.3,0.76,0.000,,gate chatter
118:09.63,118:09.81,7089.63,7089.81,0.18,-64.1,0.89,0.085,123,gate chatter
118:10.03,118:10.11,7090.03,7090.11,0.08,-76.0,0.75,0.000,,gate chatter
118:10.81,118:11.41,7090.81,7091.41,0.60,-63.7,0.86,0.046,48,gate chatter
118:12.99,118:13.01,7092.99,7093.01,0.02,-84.1,1.00,0.000,,gate chatter
118:50.01,118:50.20,7130.01,7130.20,0.19,-39.9,0.82,0.169,207,gate chatter
118:50.96,118:51.35,7130.96,7131.35,0.39,-40.2,0.98,0.124,27,gate chatter
118:51.80,118:51.90,7131.80,7131.90,0.10,-68.7,0.92,0.055,289,gate chatter
118:52.15,118:52.21,7132.15,7132.21,0.06,-64.7,0.82,0.000,,gate chatter
118:53.38,118:53.52,7133.38,7133.52,0.14,-52.5,0.97,0.072,284,gate chatter
118:53.73,118:53.96,7133.73,7133.96,0.23,-49.8,1.00,0.026,89,gate chatter
118:54.36,118:54.58,7134.36,7134.58,0.22,-39.8,0.97,0.029,671,gate chatter
118:55.00,118:55.01,7135.00,7135.01,0.01,-63.1,1.00,0.000,,gate chatter
118:55.67,118:55.81,7135.67,7135.81,0.14,-46.9,1.00,0.105,481,gate chatter
119:02.77,119:02.95,7142.77,7142.95,0.18,-28.2,1.00,0.083,237,gate chatter
119:03.83,119:03.93,7143.83,7143.93,0.10,-51.6,0.91,0.054,137,gate chatter
119:04.15,119:04.31,7144.15,7144.31,0.16,-55.8,0.94,0.055,522,gate chatter
119:04.89,119:04.97,7144.89,7144.97,0.08,-49.1,0.95,0.000,,gate chatter
119:05.33,119:05.37,7145.33,7145.37,0.04,-58.2,0.97,0.000,,gate chatter
119:05.76,119:06.17,7145.76,7146.17,0.41,-41.4,1.00,0.125,219,gate chatter
119:29.18,119:29.70,7169.18,7169.70,0.52,-45.8,0.91,0.029,22,gate chatter
119:42.56,119:42.74,7182.56,7182.74,0.18,-51.1,0.59,0.251,390,gate chatter
119:42.85,119:42.90,7182.85,7182.90,0.05,-52.8,0.98,0.000,,gate chatter
119:43.15,119:43.17,7183.15,7183.17,0.02,-62.3,1.00,0.000,,gate chatter
